,Date,Open,High,Low,Close,Volume,Market Cap
0,"Mar 29, 2018",0.042066,0.042516,0.036156,0.036915,"37,122,800","621,181,000"
1,"Mar 28, 2018",0.039952,0.043453,0.039238,0.041806,"29,638,700","589,806,000"
2,"Mar 27, 2018",0.045505,0.054977,0.039841,0.039978,"180,361,000","671,591,000"
3,"Mar 26, 2018",0.040832,0.046922,0.035033,0.044531,"65,555,900","602,454,000"
4,"Mar 25, 2018",0.044403,0.044403,0.039587,0.040702,"31,131,800","654,974,000"
5,"Mar 24, 2018",0.038876,0.048593,0.038624,0.044792,"77,655,800","573,290,000"
6,"Mar 23, 2018",0.038680,0.040045,0.034653,0.038361,"54,250,800","570,231,000"
7,"Mar 22, 2018",0.033559,0.041068,0.030641,0.039266,"46,181,500","494,601,000"
8,"Mar 21, 2018",0.034894,0.036593,0.032496,0.033628,"10,398,000","514,135,000"
9,"Mar 20, 2018",0.031634,0.035473,0.030078,0.034810,"11,984,800","465,980,000"
10,"Mar 19, 2018",0.029721,0.031761,0.028708,0.031449,"9,011,470","437,676,000"
11,"Mar 18, 2018",0.028406,0.030320,0.023956,0.029510,"9,843,710","418,196,000"
12,"Mar 17, 2018",0.033076,0.033081,0.028070,0.028408,"6,718,990","486,805,000"
13,"Mar 16, 2018",0.031614,0.034847,0.030283,0.032892,"14,059,300","465,157,000"
14,"Mar 15, 2018",0.031363,0.031776,0.027721,0.031201,"9,724,440","461,339,000"
15,"Mar 14, 2018",0.036160,0.037727,0.030236,0.031378,"8,475,110","531,762,000"
16,"Mar 13, 2018",0.037394,0.038808,0.035825,0.036173,"6,449,030","549,755,000"
17,"Mar 12, 2018",0.039078,0.040894,0.035862,0.037688,"8,081,210","574,353,000"
18,"Mar 11, 2018",0.036216,0.039858,0.034626,0.039274,"7,920,510","532,268,000"
19,"Mar 10, 2018",0.039218,0.042399,0.035577,0.036487,"11,953,300","576,083,000"
20,"Mar 09, 2018",0.038541,0.039392,0.032264,0.039227,"13,440,500","565,992,000"
21,"Mar 08, 2018",0.043104,0.043716,0.038421,0.038908,"10,226,700","632,813,000"
22,"Mar 07, 2018",0.049088,0.051381,0.038953,0.043275,"23,510,800","720,479,000"
23,"Mar 06, 2018",0.054755,0.054755,0.048673,0.049115,"12,829,900","803,432,000"
24,"Mar 05, 2018",0.056107,0.057071,0.054316,0.054430,"14,381,500","823,028,000"
25,"Mar 04, 2018",0.055704,0.057338,0.053960,0.056533,"13,547,200","816,890,000"
26,"Mar 03, 2018",0.059608,0.059868,0.055483,0.055918,"18,436,600","873,904,000"
27,"Mar 02, 2018",0.058890,0.064675,0.058359,0.059960,"52,483,700","863,144,000"
28,"Mar 01, 2018",0.053702,0.065946,0.052975,0.058374,"72,097,200","786,877,000"
29,"Feb 28, 2018",0.060107,0.062274,0.053547,0.053547,"18,267,000","880,480,000"
30,"Feb 27, 2018",0.061082,0.062182,0.058398,0.060123,"17,610,400","894,523,000"
31,"Feb 26, 2018",0.058429,0.062961,0.056356,0.060978,"16,848,800","855,437,000"
32,"Feb 25, 2018",0.057265,0.060230,0.055531,0.058436,"20,605,800","838,163,000"
33,"Feb 24, 2018",0.061316,0.066668,0.055592,0.057184,"15,957,400","897,200,000"
34,"Feb 23, 2018",0.059073,0.065071,0.056150,0.061565,"26,140,000","864,133,000"
35,"Feb 22, 2018",0.064739,0.069385,0.057828,0.059129,"28,040,700","946,758,000"
36,"Feb 21, 2018",0.069946,0.075561,0.062879,0.065142,"40,620,700","1,022,620,000"
37,"Feb 20, 2018",0.082414,0.083053,0.068712,0.069615,"58,246,300","1,204,580,000"
38,"Feb 19, 2018",0.075448,0.085902,0.075448,0.082269,"86,298,800","1,102,440,000"
39,"Feb 18, 2018",0.089199,0.089199,0.074366,0.075660,"111,774,000","1,303,040,000"
40,"Feb 17, 2018",0.068229,0.091904,0.066564,0.089996,"349,131,000","1,009,220,000"
41,"Feb 16, 2018",0.059213,0.071386,0.058913,0.069060,"48,604,700","875,593,000"
42,"Feb 15, 2018",0.058570,0.060103,0.055960,0.059384,"19,776,800","865,811,000"
43,"Feb 14, 2018",0.052964,0.059002,0.052867,0.058619,"18,815,500","772,900,000"
44,"Feb 13, 2018",0.055966,0.056378,0.051595,0.053203,"10,987,200","816,477,000"
45,"Feb 12, 2018",0.051609,0.057312,0.051607,0.056021,"13,958,900","752,690,000"
46,"Feb 11, 2018",0.056624,0.056624,0.048860,0.051087,"15,679,700","825,599,000"
47,"Feb 10, 2018",0.057698,0.064967,0.053245,0.056941,"40,634,900","841,023,000"
48,"Feb 09, 2018",0.052246,0.058311,0.049136,0.058098,"14,679,200","761,343,000"
49,"Feb 08, 2018",0.047908,0.055726,0.047908,0.052262,"22,484,500","697,936,000"
50,"Feb 07, 2018",0.051515,0.058281,0.045923,0.047986,"25,558,100","750,269,000"
51,"Feb 06, 2018",0.043242,0.053267,0.033773,0.052022,"39,727,000","629,594,000"
52,"Feb 05, 2018",0.053833,0.055231,0.039146,0.042611,"23,695,200","783,589,000"
53,"Feb 04, 2018",0.064839,0.067106,0.050717,0.054085,"28,513,800","943,517,000"
54,"Feb 03, 2018",0.054481,0.068427,0.049717,0.064728,"49,307,900","792,570,000"
55,"Feb 02, 2018",0.058316,0.058682,0.039394,0.054197,"46,633,700","848,117,000"
56,"Feb 01, 2018",0.069766,0.075208,0.053619,0.058035,"39,407,700","1,014,360,000"
57,"Jan 31, 2018",0.068903,0.071016,0.063568,0.069787,"27,155,800","1,001,540,000"
58,"Jan 30, 2018",0.085387,0.085651,0.066962,0.068408,"43,002,700","1,240,790,000"
59,"Jan 29, 2018",0.091590,0.092058,0.084012,0.084969,"32,948,000","1,330,540,000"
60,"Jan 28, 2018",0.094500,0.095058,0.090789,0.091870,"47,936,600","1,372,430,000"
61,"Jan 27, 2018",0.087927,0.096731,0.084198,0.094201,"47,387,500","1,276,620,000"
62,"Jan 26, 2018",0.089551,0.094452,0.079004,0.088158,"64,874,700","1,299,830,000"
63,"Jan 25, 2018",0.094816,0.097603,0.088849,0.090185,"45,742,100","1,375,860,000"
64,"Jan 24, 2018",0.093213,0.099223,0.091843,0.093469,"56,160,000","1,352,210,000"
65,"Jan 23, 2018",0.094389,0.098701,0.083965,0.093314,"48,633,200","1,368,890,000"
66,"Jan 22, 2018",0.104893,0.108190,0.084902,0.094569,"74,751,100","1,520,800,000"
67,"Jan 21, 2018",0.109132,0.130689,0.099190,0.104146,"211,031,000","1,609,420,000"
68,"Jan 20, 2018",0.107536,0.113319,0.105073,0.109218,"87,648,700","1,579,210,000"
69,"Jan 19, 2018",0.112719,0.122750,0.102033,0.107126,"105,534,000","1,654,650,000"
70,"Jan 18, 2018",0.091741,0.127200,0.090101,0.114099,"253,007,000","1,346,230,000"
71,"Jan 17, 2018",0.084451,0.099422,0.060062,0.090778,"147,975,000","1,231,520,000"
72,"Jan 16, 2018",0.115621,0.121253,0.062195,0.085241,"176,634,000","1,685,600,000"
73,"Jan 15, 2018",0.137658,0.146089,0.116516,0.116516,"132,872,000","2,006,310,000"
74,"Jan 14, 2018",0.156392,0.156392,0.134020,0.138224,"77,869,600","2,277,920,000"
75,"Jan 13, 2018",0.159047,0.164209,0.151071,0.156725,"111,856,000","2,311,320,000"
76,"Jan 12, 2018",0.143948,0.170423,0.137836,0.158981,"144,104,000","2,091,310,000"
77,"Jan 11, 2018",0.169438,0.172859,0.132569,0.144270,"187,560,000","2,460,940,000"
78,"Jan 10, 2018",0.194296,0.194296,0.155677,0.168637,"264,043,000","2,821,190,000"
79,"Jan 09, 2018",0.177253,0.240605,0.174258,0.196059,"787,881,000","2,573,020,000"
80,"Jan 08, 2018",0.180600,0.208132,0.147099,0.178385,"430,047,000","2,620,880,000"
81,"Jan 07, 2018",0.175244,0.194392,0.170287,0.181957,"252,851,000","2,542,480,000"
82,"Jan 06, 2018",0.180864,0.186502,0.163956,0.174183,"290,822,000","2,623,240,000"
83,"Jan 05, 2018",0.159472,0.199077,0.148423,0.181114,"544,342,000","2,312,330,000"
84,"Jan 04, 2018",0.145384,0.197573,0.138022,0.159184,"677,836,000","2,107,470,000"
85,"Jan 03, 2018",0.144876,0.162200,0.133645,0.145221,"354,873,000","2,089,650,000"
86,"Jan 02, 2018",0.157163,0.165060,0.132691,0.144905,"451,026,000","2,266,240,000"
87,"Jan 01, 2018",0.221716,0.223719,0.140798,0.156131,"816,280,000","3,195,980,000"
88,"Dec 31, 2017",0.141174,0.238015,0.140810,0.222600,"920,813,000","2,034,410,000"
89,"Dec 30, 2017",0.160416,0.160416,0.131505,0.142088,"236,381,000","2,311,050,000"
90,"Dec 29, 2017",0.168030,0.173128,0.137990,0.160679,"328,949,000","2,420,060,000"
91,"Dec 28, 2017",0.138123,0.166278,0.114907,0.165906,"580,885,000","1,988,770,000"
92,"Dec 27, 2017",0.197493,0.210003,0.136031,0.138199,"393,269,000","2,842,820,000"
93,"Dec 26, 2017",0.175387,0.206501,0.146588,0.200425,"745,294,000","2,523,880,000"
94,"Dec 25, 2017",0.258386,0.258386,0.133723,0.162262,"457,610,000","3,737,570,000"
95,"Dec 24, 2017",0.224923,0.279563,0.215083,0.255441,"478,059,000","3,253,520,000"
96,"Dec 23, 2017",0.125615,0.300588,0.122988,0.214400,"972,487,000","1,815,570,000"
97,"Dec 22, 2017",0.128681,0.139920,0.069166,0.124868,"295,942,000","1,859,410,000"
98,"Dec 21, 2017",0.144295,0.161849,0.105101,0.128320,"374,103,000","2,079,900,000"
99,"Dec 20, 2017",0.078770,0.163700,0.063310,0.143051,"981,665,000","1,135,060,000"
100,"Dec 19, 2017",0.059601,0.079966,0.058949,0.078311,"200,742,000","858,594,000"
101,"Dec 18, 2017",0.052265,0.060436,0.048062,0.059563,"157,485,000","752,705,000"
102,"Dec 17, 2017",0.041718,0.090037,0.041718,0.052139,"591,389,000","600,370,000"
103,"Dec 16, 2017",0.018721,0.046954,0.018721,0.040697,"254,115,000","269,341,000"
104,"Dec 15, 2017",0.019239,0.020249,0.014960,0.018863,"46,278,500","276,718,000"
105,"Dec 14, 2017",0.014517,0.020732,0.013085,0.019107,"85,882,100","208,747,000"
106,"Dec 13, 2017",0.009203,0.016603,0.008960,0.014829,"36,652,000","132,294,000"
107,"Dec 12, 2017",0.008905,0.009516,0.008588,0.009330,"5,287,600","127,979,000"
108,"Dec 11, 2017",0.008212,0.009273,0.008168,0.008766,"4,143,160","117,988,000"
109,"Dec 10, 2017",0.008712,0.008712,0.007423,0.008294,"3,091,980","125,143,000"
110,"Dec 09, 2017",0.008916,0.009633,0.008002,0.008588,"3,849,740","128,031,000"
111,"Dec 08, 2017",0.008677,0.009150,0.007607,0.008793,"5,311,020","124,572,000"
112,"Dec 07, 2017",0.007868,0.008847,0.007628,0.008828,"7,877,410","112,922,000"
113,"Dec 06, 2017",0.007618,0.008063,0.007106,0.007999,"6,034,820","109,316,000"
114,"Dec 05, 2017",0.007919,0.008584,0.007314,0.007733,"6,136,980","113,601,000"
115,"Dec 04, 2017",0.006855,0.008185,0.006656,0.007803,"7,735,120","98,308,300"
116,"Dec 03, 2017",0.006136,0.007735,0.005979,0.006723,"5,592,120","87,978,200"
117,"Dec 02, 2017",0.006202,0.006391,0.005749,0.006140,"2,385,550","88,895,000"
118,"Dec 01, 2017",0.005513,0.006246,0.005363,0.006196,"1,803,340","79,002,500"
119,"Nov 30, 2017",0.005435,0.006072,0.004783,0.005612,"2,238,420","77,867,500"
120,"Nov 29, 2017",0.006324,0.006513,0.005035,0.005435,"3,923,970","90,568,800"
121,"Nov 28, 2017",0.006620,0.006710,0.006257,0.006330,"3,405,020","94,785,400"
122,"Nov 27, 2017",0.006899,0.007084,0.006479,0.006534,"5,292,330","98,756,200"
123,"Nov 26, 2017",0.005764,0.006859,0.005605,0.006802,"3,279,390","82,482,200"
124,"Nov 25, 2017",0.005347,0.005656,0.005321,0.005604,"1,972,920","76,503,000"
125,"Nov 24, 2017",0.005378,0.005459,0.005093,0.005430,"1,937,470","76,925,500"
126,"Nov 23, 2017",0.005754,0.005770,0.005043,0.005385,"4,320,440","82,272,700"
127,"Nov 22, 2017",0.006000,0.006080,0.005494,0.005755,"3,124,250","85,767,300"
128,"Nov 21, 2017",0.005764,0.006086,0.005460,0.006059,"2,561,260","82,376,800"
129,"Nov 20, 2017",0.006120,0.006253,0.005693,0.005693,"3,703,680","87,439,300"
130,"Nov 19, 2017",0.006083,0.006616,0.005948,0.006125,"3,189,610","86,881,500"
131,"Nov 18, 2017",0.006083,0.006383,0.005904,0.006091,"1,926,720","86,867,200"
132,"Nov 17, 2017",0.006360,0.006633,0.005983,0.006100,"2,212,420","90,788,700"
133,"Nov 16, 2017",0.006638,0.006644,0.006297,0.006370,"2,973,370","94,741,300"
134,"Nov 15, 2017",0.006215,0.006726,0.006160,0.006539,"3,029,220","88,670,700"
135,"Nov 14, 2017",0.006143,0.006292,0.005930,0.006213,"2,045,030","87,615,800"
136,"Nov 13, 2017",0.005402,0.006404,0.005402,0.006124,"2,525,080","77,032,800"
137,"Nov 12, 2017",0.006228,0.006228,0.004982,0.005454,"4,172,140","88,791,200"
138,"Nov 11, 2017",0.006444,0.006801,0.006068,0.006238,"2,749,640","91,621,300"
139,"Nov 10, 2017",0.007485,0.007717,0.006004,0.006466,"3,987,030","106,391,000"
140,"Nov 09, 2017",0.007911,0.007963,0.007360,0.007463,"4,518,290","112,417,000"
141,"Nov 08, 2017",0.007399,0.008185,0.006819,0.007851,"10,436,000","105,112,000"
142,"Nov 07, 2017",0.007876,0.008613,0.006899,0.007485,"13,530,400","111,852,000"
143,"Nov 06, 2017",0.008517,0.009780,0.007915,0.007915,"15,782,700","120,924,000"
144,"Nov 05, 2017",0.007701,0.009003,0.007337,0.008470,"9,120,990","109,309,000"
145,"Nov 04, 2017",0.007110,0.007957,0.007038,0.007716,"9,060,670","100,900,000"
146,"Nov 03, 2017",0.005906,0.007197,0.005877,0.007115,"5,205,730","83,780,400"
147,"Nov 02, 2017",0.006201,0.006409,0.005556,0.005913,"4,871,020","87,938,200"
148,"Nov 01, 2017",0.007036,0.007036,0.006102,0.006258,"7,702,290","99,766,400"
149,"Oct 31, 2017",0.005599,0.007590,0.005349,0.007157,"13,949,100","79,367,800"
150,"Oct 30, 2017",0.005174,0.006036,0.005174,0.005654,"2,412,710","73,320,200"
151,"Oct 29, 2017",0.005268,0.005483,0.005098,0.005262,"1,629,090","74,631,200"
152,"Oct 28, 2017",0.005360,0.005690,0.005184,0.005275,"1,735,710","75,914,400"
153,"Oct 27, 2017",0.005181,0.005425,0.004934,0.005345,"1,462,990","73,367,800"
154,"Oct 26, 2017",0.005282,0.005550,0.005045,0.005183,"1,917,420","74,772,700"
155,"Oct 25, 2017",0.005794,0.005808,0.005090,0.005393,"2,534,310","81,999,200"
156,"Oct 24, 2017",0.004628,0.006535,0.004526,0.005794,"7,556,820","65,478,400"
157,"Oct 23, 2017",0.004673,0.004807,0.004244,0.004639,"1,534,870","66,087,100"
158,"Oct 22, 2017",0.004807,0.005027,0.004569,0.004736,"1,443,660","67,971,500"
159,"Oct 21, 2017",0.004449,0.005062,0.004096,0.004749,"1,853,300","62,890,500"
160,"Oct 20, 2017",0.004907,0.005010,0.004421,0.004459,"1,796,240","69,348,800"
161,"Oct 19, 2017",0.005033,0.005134,0.004841,0.004905,"1,339,100","71,109,100"
162,"Oct 18, 2017",0.004873,0.005101,0.004633,0.005028,"1,718,860","68,819,700"
163,"Oct 17, 2017",0.005154,0.005216,0.004791,0.004905,"1,735,700","72,768,100"
164,"Oct 16, 2017",0.005463,0.005470,0.004879,0.005153,"1,973,510","77,114,000"
165,"Oct 15, 2017",0.005040,0.006180,0.005040,0.005463,"3,050,630","71,122,500"
166,"Oct 14, 2017",0.005252,0.005622,0.004769,0.005141,"1,693,140","74,096,700"
167,"Oct 13, 2017",0.005128,0.005589,0.004806,0.005251,"2,696,760","72,330,400"
168,"Oct 12, 2017",0.005652,0.005781,0.005139,0.005163,"2,282,270","79,670,600"
169,"Oct 11, 2017",0.005538,0.005984,0.005503,0.005643,"1,808,680","78,053,700"
170,"Oct 10, 2017",0.005651,0.005752,0.005319,0.005538,"1,513,390","75,773,200"
171,"Oct 09, 2017",0.005287,0.006046,0.005129,0.005690,"3,109,910","70,902,000"
172,"Oct 08, 2017",0.006429,0.006473,0.004982,0.005322,"3,011,250","86,214,200"
173,"Oct 07, 2017",0.006638,0.006905,0.006234,0.006411,"2,094,690","89,013,500"
174,"Oct 06, 2017",0.006261,0.006633,0.005982,0.006633,"1,983,040","83,960,700"
175,"Oct 05, 2017",0.006354,0.006402,0.006002,0.006261,"1,451,030","85,202,600"
176,"Oct 04, 2017",0.006770,0.006814,0.006209,0.006353,"1,636,230","90,788,000"
177,"Oct 03, 2017",0.007188,0.007280,0.006549,0.006685,"2,317,670","96,383,300"
178,"Oct 02, 2017",0.007120,0.008139,0.007120,0.007260,"8,516,350","95,480,400"
179,"Oct 01, 2017",0.006952,0.007210,0.006778,0.007210,"2,119,090","93,219,300"
180,"Sep 30, 2017",0.006800,0.007061,0.006648,0.006948,"1,561,510","91,190,200"
181,"Sep 29, 2017",0.006458,0.007048,0.005991,0.006799,"5,710,560","86,593,200"
182,"Sep 28, 2017",0.006394,0.006562,0.006051,0.006504,"2,130,920","85,745,200"
183,"Sep 27, 2017",0.006259,0.006519,0.006127,0.006354,"1,974,780","83,933,800"
184,"Sep 26, 2017",0.006019,0.006361,0.005914,0.006239,"1,797,350","80,709,200"
185,"Sep 25, 2017",0.005802,0.006141,0.005618,0.006058,"1,642,540","77,804,300"
186,"Sep 24, 2017",0.005568,0.006022,0.005290,0.005772,"1,723,480","74,660,900"
187,"Sep 23, 2017",0.005339,0.005600,0.005236,0.005568,"849,756","71,592,300"
188,"Sep 22, 2017",0.005504,0.005855,0.004987,0.005389,"1,636,200","73,801,100"
189,"Sep 21, 2017",0.006320,0.006424,0.005310,0.005474,"2,531,690","84,751,600"
190,"Sep 20, 2017",0.006339,0.006651,0.006268,0.006352,"1,712,170","85,007,100"
191,"Sep 19, 2017",0.006525,0.006890,0.006108,0.006310,"2,735,370","87,494,700"
192,"Sep 18, 2017",0.005912,0.006572,0.005873,0.006548,"2,127,450","79,276,400"
193,"Sep 17, 2017",0.005905,0.006152,0.005385,0.005924,"2,152,950","79,186,200"
194,"Sep 16, 2017",0.005267,0.006628,0.005210,0.005909,"4,272,440","70,624,900"
195,"Sep 15, 2017",0.004673,0.005604,0.003166,0.005318,"7,011,850","62,663,300"
196,"Sep 14, 2017",0.006358,0.006520,0.004644,0.004700,"3,234,950","85,254,200"
197,"Sep 13, 2017",0.007018,0.007028,0.005525,0.006433,"5,005,870","94,104,000"
198,"Sep 12, 2017",0.007585,0.007934,0.006811,0.007003,"6,703,720","101,713,000"
199,"Sep 11, 2017",0.007948,0.008172,0.007356,0.007578,"6,125,920","106,575,000"
200,"Sep 10, 2017",0.006886,0.008321,0.006665,0.007962,"11,644,000","92,331,100"
201,"Sep 09, 2017",0.006840,0.007106,0.006603,0.006945,"2,019,310","91,718,200"
202,"Sep 08, 2017",0.007368,0.007875,0.006439,0.006869,"5,065,190","98,806,000"
203,"Sep 07, 2017",0.007761,0.007807,0.007068,0.007367,"5,787,040","104,077,000"
204,"Sep 06, 2017",0.006720,0.007867,0.006720,0.007867,"9,241,650","90,108,200"
205,"Sep 05, 2017",0.005856,0.007790,0.005227,0.006843,"22,165,900","78,525,000"
206,"Sep 04, 2017",0.005726,0.006264,0.004751,0.005827,"8,473,250","76,788,400"
207,"Sep 03, 2017",0.004934,0.006284,0.004934,0.005725,"6,188,560","66,162,800"
208,"Sep 02, 2017",0.005317,0.005626,0.004870,0.004931,"4,094,770","71,300,300"
209,"Sep 01, 2017",0.006396,0.006552,0.004953,0.005311,"12,679,900","85,762,100"
210,"Aug 31, 2017",0.005125,0.007056,0.004758,0.006395,"26,598,600","68,723,700"
211,"Aug 30, 2017",0.003537,0.005179,0.003480,0.005088,"5,788,700","47,431,800"
212,"Aug 29, 2017",0.003599,0.003785,0.003362,0.003541,"2,833,480","48,255,200"
213,"Aug 28, 2017",0.003088,0.003883,0.003041,0.003593,"5,973,380","41,406,800"
214,"Aug 27, 2017",0.002475,0.003961,0.002391,0.003219,"7,841,390","33,182,000"
215,"Aug 26, 2017",0.002271,0.002497,0.002146,0.002433,"838,230","30,452,800"
216,"Aug 25, 2017",0.002338,0.002413,0.002158,0.002227,"733,213","31,349,000"
217,"Aug 24, 2017",0.002278,0.002634,0.002241,0.002342,"2,214,120","30,544,200"
218,"Aug 23, 2017",0.002084,0.002316,0.001960,0.002237,"943,903","27,949,000"
219,"Aug 22, 2017",0.002042,0.002123,0.001848,0.002089,"670,162","27,376,700"
220,"Aug 21, 2017",0.002110,0.002236,0.002003,0.002037,"737,684","28,294,400"
221,"Aug 20, 2017",0.002073,0.002394,0.001992,0.002118,"1,138,590","27,796,200"
222,"Aug 19, 2017",0.002054,0.002126,0.001890,0.002041,"766,239","27,544,500"
223,"Aug 18, 2017",0.002483,0.002493,0.001866,0.002056,"2,105,590","33,289,100"
224,"Aug 17, 2017",0.002502,0.002602,0.002282,0.002490,"1,649,550","33,553,000"
225,"Aug 16, 2017",0.002658,0.002873,0.002319,0.002505,"3,085,850","35,648,600"
226,"Aug 15, 2017",0.001947,0.003347,0.001825,0.002614,"5,654,350","26,109,800"
227,"Aug 14, 2017",0.002356,0.002494,0.001830,0.001899,"1,663,070","31,594,200"
228,"Aug 13, 2017",0.002824,0.002871,0.002151,0.002354,"1,979,240","37,874,500"
229,"Aug 12, 2017",0.002374,0.002949,0.002374,0.002865,"2,235,980","31,834,900"
230,"Aug 11, 2017",0.002596,0.002877,0.002353,0.002448,"2,907,700","34,807,200"
231,"Aug 10, 2017",0.003143,0.003193,0.002437,0.002596,"2,983,320","42,143,100"
232,"Aug 09, 2017",0.003316,0.003407,0.003105,0.003109,"915,199","44,469,100"
233,"Aug 08, 2017",0.003358,0.003554,0.003162,0.003352,"1,278,610","45,030,100"
234,"Aug 07, 2017",0.003350,0.003517,0.003255,0.003355,"1,262,230","44,917,000"
235,"Aug 06, 2017",0.003386,0.003484,0.003304,0.003357,"780,766","45,399,200"
236,"Aug 05, 2017",0.003055,0.003522,0.003035,0.003353,"969,930","40,961,300"
237,"Aug 04, 2017",0.002982,0.003098,0.002944,0.003084,"731,566","39,987,000"
238,"Aug 03, 2017",0.002974,0.003047,0.002875,0.002983,"677,314","39,883,200"
239,"Aug 02, 2017",0.003056,0.003227,0.002813,0.002969,"1,315,040","40,984,400"
240,"Aug 01, 2017",0.003034,0.003263,0.002729,0.003057,"1,416,960","40,684,000"
241,"Jul 31, 2017",0.002933,0.003031,0.002802,0.003031,"574,812","39,329,400"
242,"Jul 30, 2017",0.002963,0.003023,0.002784,0.002957,"381,432","39,726,400"
243,"Jul 29, 2017",0.002837,0.002997,0.002708,0.002936,"442,952","38,049,000"
244,"Jul 28, 2017",0.002955,0.002993,0.002740,0.002848,"765,866","39,625,100"
245,"Jul 27, 2017",0.002853,0.003014,0.002811,0.002950,"403,387","38,258,800"
246,"Jul 26, 2017",0.002918,0.003021,0.002692,0.002820,"527,499","39,132,200"
247,"Jul 25, 2017",0.003447,0.003471,0.002674,0.002917,"1,565,000","46,225,100"
248,"Jul 24, 2017",0.003382,0.003458,0.003168,0.003393,"1,085,000","45,356,100"
249,"Jul 23, 2017",0.003453,0.003563,0.003117,0.003360,"1,018,840","46,299,700"
250,"Jul 22, 2017",0.003041,0.003571,0.003010,0.003425,"1,320,850","40,773,900"
251,"Jul 21, 2017",0.003285,0.003311,0.002910,0.003094,"693,310","44,051,800"
252,"Jul 20, 2017",0.002549,0.003393,0.002549,0.003261,"846,866","34,181,100"
253,"Jul 19, 2017",0.002763,0.003037,0.002459,0.002602,"1,212,590","37,051,800"
254,"Jul 18, 2017",0.002423,0.003100,0.002326,0.002782,"2,506,900","32,492,000"
255,"Jul 17, 2017",0.001999,0.002443,0.001963,0.002440,"762,260","26,803,100"
256,"Jul 16, 2017",0.002123,0.002209,0.001802,0.001982,"485,807","28,467,000"
257,"Jul 15, 2017",0.002351,0.002359,0.002070,0.002110,"544,098","31,520,500"
258,"Jul 14, 2017",0.002645,0.002655,0.002171,0.002355,"1,111,590","35,467,400"
259,"Jul 13, 2017",0.002838,0.003103,0.002461,0.002647,"1,646,540","38,059,000"
260,"Jul 12, 2017",0.002445,0.002848,0.002265,0.002836,"1,534,480","32,786,200"
261,"Jul 11, 2017",0.002693,0.002912,0.002040,0.002434,"2,440,680","36,105,400"
262,"Jul 10, 2017",0.003658,0.003683,0.002522,0.002722,"1,962,190","49,055,100"
263,"Jul 09, 2017",0.003900,0.003938,0.003567,0.003651,"1,054,260","52,298,600"
264,"Jul 08, 2017",0.003428,0.004013,0.003356,0.003922,"2,247,740","45,961,600"
265,"Jul 07, 2017",0.004703,0.004816,0.003371,0.003425,"5,351,120","63,070,800"
266,"Jul 06, 2017",0.003798,0.004766,0.003712,0.004726,"7,349,140","50,925,200"
267,"Jul 05, 2017",0.003367,0.003858,0.003257,0.003796,"2,090,620","45,145,100"
268,"Jul 04, 2017",0.003323,0.003516,0.003264,0.003421,"1,103,310","44,555,500"
269,"Jul 03, 2017",0.002938,0.003526,0.002868,0.003381,"1,932,330","39,390,400"
270,"Jul 02, 2017",0.002792,0.002931,0.002668,0.002924,"619,352","37,444,600"
271,"Jul 01, 2017",0.002796,0.002986,0.002721,0.002816,"812,102","37,492,200"
272,"Jun 30, 2017",0.002963,0.002998,0.002790,0.002797,"633,698","39,728,700"
273,"Jun 29, 2017",0.003012,0.003099,0.002831,0.002957,"684,886","40,390,700"
274,"Jun 28, 2017",0.002906,0.003196,0.002797,0.003040,"820,351","38,963,400"
275,"Jun 27, 2017",0.003045,0.003152,0.002408,0.002912,"999,769","40,828,000"
276,"Jun 26, 2017",0.003274,0.003414,0.002447,0.003045,"1,461,240","43,907,700"
277,"Jun 25, 2017",0.003412,0.003564,0.003207,0.003301,"1,132,360","45,747,400"
278,"Jun 24, 2017",0.003955,0.004009,0.003251,0.003394,"1,693,570","53,032,200"
279,"Jun 23, 2017",0.003023,0.004215,0.002900,0.003929,"3,734,860","40,533,700"
280,"Jun 22, 2017",0.002974,0.003097,0.002899,0.003023,"852,256","39,873,600"
281,"Jun 21, 2017",0.003125,0.003223,0.002902,0.002924,"1,116,030","41,899,500"
282,"Jun 20, 2017",0.003100,0.003472,0.003049,0.003149,"1,806,690","41,563,300"
283,"Jun 19, 2017",0.003448,0.003721,0.003098,0.003124,"2,773,170","46,231,600"
284,"Jun 18, 2017",0.003698,0.003846,0.003423,0.003448,"1,196,600","49,585,700"
285,"Jun 17, 2017",0.003872,0.003947,0.003673,0.003723,"1,508,930","51,920,800"
286,"Jun 16, 2017",0.003427,0.003996,0.003244,0.003822,"2,259,480","45,956,400"
287,"Jun 15, 2017",0.003489,0.003539,0.002598,0.003382,"2,239,750","46,790,300"
288,"Jun 14, 2017",0.004603,0.004603,0.003267,0.003465,"3,673,820","61,725,700"
289,"Jun 13, 2017",0.003196,0.004580,0.002999,0.004579,"5,535,710","42,861,400"
290,"Jun 12, 2017",0.003866,0.003871,0.002896,0.003233,"2,788,730","51,844,100"
291,"Jun 11, 2017",0.003875,0.004252,0.002884,0.003871,"4,775,940","51,962,600"
292,"Jun 10, 2017",0.005116,0.005227,0.003717,0.003820,"4,407,810","68,601,300"
293,"Jun 09, 2017",0.004849,0.005479,0.004740,0.005080,"3,794,400","65,027,900"
294,"Jun 08, 2017",0.005192,0.005307,0.004495,0.004828,"4,854,810","69,624,400"
295,"Jun 07, 2017",0.006506,0.006506,0.004839,0.005113,"6,484,760","87,246,900"
296,"Jun 06, 2017",0.005394,0.006486,0.004405,0.006476,"12,489,700","72,326,800"
297,"Jun 05, 2017",0.004505,0.006295,0.004346,0.005538,"16,845,600","60,411,500"
298,"Jun 04, 2017",0.002839,0.004730,0.002456,0.004455,"12,418,000","38,073,400"
299,"Jun 03, 2017",0.001584,0.003237,0.001531,0.002797,"5,156,840","21,237,400"
300,"Jun 02, 2017",0.001152,0.001803,0.001085,0.001609,"3,449,880","15,448,400"
301,"Jun 01, 2017",0.000868,0.001238,0.000811,0.001175,"1,061,320","11,641,300"
302,"May 31, 2017",0.000745,0.000870,0.000730,0.000867,"438,933","9,987,350"
303,"May 30, 2017",0.000889,0.000949,0.000742,0.000742,"548,715","11,915,200"
304,"May 29, 2017",0.000933,0.000939,0.000837,0.000888,"437,332","12,511,000"
305,"May 28, 2017",0.000839,0.001066,0.000796,0.000935,"592,817","11,254,600"
306,"May 27, 2017",0.001051,0.001105,0.000639,0.000834,"902,966","14,098,300"
307,"May 26, 2017",0.001121,0.001369,0.000973,0.001026,"1,045,830","15,037,100"
308,"May 25, 2017",0.001460,0.001620,0.001136,0.001153,"2,124,070","19,583,200"
309,"May 24, 2017",0.001175,0.001688,0.001075,0.001536,"3,132,970","15,758,400"
310,"May 23, 2017",0.000948,0.001285,0.000802,0.001219,"2,262,820","12,712,600"
311,"May 22, 2017",0.000957,0.001470,0.000734,0.000907,"5,242,510","12,837,800"
312,"May 21, 2017",0.000368,0.000974,0.000326,0.000974,"2,587,680","4,936,910"
313,"May 20, 2017",0.000392,0.000418,0.000336,0.000368,"491,970","5,257,290"
314,"May 19, 2017",0.000245,0.000485,0.000245,0.000373,"1,446,320","3,287,510"
315,"May 18, 2017",0.000163,0.000302,0.000145,0.000245,"545,512","2,181,100"
316,"May 17, 2017",0.000139,0.000170,0.000120,0.000163,"68,910","1,865,150"
317,"May 16, 2017",0.000140,0.000154,0.000121,0.000139,"30,949","1,871,060"
318,"May 15, 2017",0.000161,0.000282,0.000132,0.000140,"23,049","2,156,810"
319,"May 14, 2017",0.000125,0.000163,0.000125,0.000161,"17,914","1,673,540"
320,"May 13, 2017",0.000136,0.000171,0.000120,0.000124,"33,434","1,823,470"
321,"May 12, 2017",0.000146,0.000198,0.000135,0.000136,"91,463","1,963,620"
322,"May 11, 2017",0.000106,0.000190,0.000105,0.000146,"106,379","1,416,870"
323,"May 10, 2017",0.000088,0.000124,0.000071,0.000123,"56,012","1,179,190"
324,"May 09, 2017",0.000102,0.000105,0.000071,0.000088,"13,946","1,372,810"
325,"May 08, 2017",0.000080,0.000102,0.000065,0.000087,"14,375","1,071,100"
326,"May 07, 2017",0.000080,0.000095,0.000064,0.000080,"16,508","1,068,780"
327,"May 06, 2017",0.000078,0.000094,0.000077,0.000080,"10,393","1,043,520"
328,"May 05, 2017",0.000077,0.000094,0.000062,0.000078,"29,354","1,029,780"
329,"May 04, 2017",0.000075,0.000090,0.000060,0.000077,"27,851","1,010,160"
330,"May 03, 2017",0.000087,0.000090,0.000061,0.000075,"13,225","1,171,800"
331,"May 02, 2017",0.000072,0.000088,0.000059,0.000075,"12,046","959,990"
332,"May 01, 2017",0.000081,0.000097,0.000068,0.000072,"9,894","1,086,550"
333,"Apr 30, 2017",0.000079,0.000094,0.000066,0.000081,"16,459","1,063,510"
334,"Apr 29, 2017",0.000092,0.000093,0.000079,0.000079,"11,141","1,228,670"
335,"Apr 28, 2017",0.000079,0.000093,0.000078,0.000079,"5,968","1,062,070"
336,"Apr 27, 2017",0.000089,0.000102,0.000078,0.000079,"10,695","1,199,870"
337,"Apr 26, 2017",0.000089,0.000104,0.000076,0.000077,"8,116","1,190,790"
338,"Apr 25, 2017",0.000099,0.000102,0.000076,0.000089,"16,737","1,328,240"
339,"Apr 24, 2017",0.000097,0.000110,0.000085,0.000088,"14,162","1,297,280"
340,"Apr 23, 2017",0.000086,0.000109,0.000085,0.000097,"22,293","1,156,360"
341,"Apr 22, 2017",0.000074,0.000099,0.000073,0.000086,"27,041","986,348"
342,"Apr 21, 2017",0.000087,0.000099,0.000073,0.000073,"22,923","1,172,260"
343,"Apr 20, 2017",0.000109,0.000113,0.000087,0.000099,"36,772","1,459,020"
344,"Apr 19, 2017",0.000097,0.000121,0.000073,0.000109,"53,864","1,305,800"
345,"Apr 18, 2017",0.000108,0.000121,0.000086,0.000097,"45,348","1,444,560"
346,"Apr 17, 2017",0.000130,0.000141,0.000108,0.000108,"93,560","1,739,180"
347,"Apr 16, 2017",0.000115,0.000176,0.000104,0.000130,"190,486","1,547,430"
348,"Apr 15, 2017",0.000081,0.000106,0.000070,0.000105,"64,472","1,087,450"
349,"Apr 14, 2017",0.000047,0.000082,0.000047,0.000081,"38,835","627,748"
350,"Apr 13, 2017",0.000060,0.000060,0.000046,0.000047,"4,002","803,962"
351,"Apr 12, 2017",0.000060,0.000072,0.000048,0.000060,"8,396","769,853"
352,"Apr 11, 2017",0.000047,0.000072,0.000047,0.000060,"12,849","607,681"
353,"Apr 10, 2017",0.000047,0.000059,0.000035,0.000047,"4,472","607,283"
354,"Apr 09, 2017",0.000047,0.000048,0.000035,0.000047,"4,320","600,216"
355,"Apr 08, 2017",0.000047,0.000059,0.000046,0.000047,"1,570","601,052"
356,"Apr 07, 2017",0.000059,0.000059,0.000047,0.000047,"2,566","752,932"
357,"Apr 06, 2017",0.000045,0.000059,0.000034,0.000059,"5,709","575,903"
358,"Apr 05, 2017",0.000045,0.000057,0.000034,0.000045,"3,508","579,499"
359,"Apr 04, 2017",0.000046,0.000058,0.000034,0.000045,"5,269","587,608"
360,"Apr 03, 2017",0.000044,0.000057,0.000034,0.000046,"9,091","565,676"
361,"Apr 02, 2017",0.000054,0.000054,0.000032,0.000044,"3,778","684,551"
362,"Apr 01, 2017",0.000043,0.000054,0.000032,0.000054,"2,805","547,029"
363,"Mar 31, 2017",0.000041,0.000053,0.000031,0.000043,"8,038","524,939"
364,"Mar 30, 2017",0.000050,0.000052,0.000031,0.000041,"13,082","639,471"
365,"Mar 29, 2017",0.000031,0.000059,0.000030,0.000050,"33,895","401,401"
366,"Mar 28, 2017",0.000031,0.000042,0.000021,0.000031,"10,556","396,147"
367,"Mar 27, 2017",0.000029,0.000031,0.000020,0.000031,"1,982","369,645"
368,"Mar 26, 2017",0.000029,0.000030,0.000019,0.000029,"1,524","372,867"
369,"Mar 25, 2017",0.000019,0.000029,0.000018,0.000029,"3,310","240,132"
370,"Mar 24, 2017",0.000031,0.000031,0.000019,0.000019,"1,567","393,481"
371,"Mar 23, 2017",0.000031,0.000032,0.000021,0.000031,"2,517","399,839"
372,"Mar 22, 2017",0.000012,0.000031,0.000011,0.000031,"2,983","148,096"
373,"Mar 21, 2017",0.000021,0.000022,0.000011,0.000012,824,"270,034"
374,"Mar 20, 2017",0.000021,0.000021,0.000011,0.000021,748,"265,266"
375,"Mar 19, 2017",0.000025,0.000025,0.000012,0.000021,839,"317,083"
376,"Mar 18, 2017",0.000022,0.000025,0.000010,0.000025,697,"280,114"
377,"Mar 17, 2017",0.000027,0.000035,0.000012,0.000022,449,"342,644"
378,"Mar 16, 2017",0.000028,0.000036,0.000019,0.000027,126,"363,351"
379,"Mar 15, 2017",0.000025,0.000042,0.000025,0.000028,528,"314,699"
380,"Mar 14, 2017",0.000024,0.000037,0.000024,0.000025,"1,111","311,118"
381,"Mar 13, 2017",0.000031,0.000033,0.000012,0.000024,683,"390,260"
382,"Mar 12, 2017",0.000024,0.000031,0.000012,0.000030,297,"301,061"
383,"Mar 11, 2017",0.000015,0.000026,0.000013,0.000024,59,"190,322"
384,"Mar 10, 2017",0.000024,0.000035,0.000013,0.000015,631,"304,321"
385,"Mar 09, 2017",0.000013,0.000035,0.000012,0.000024,85,"161,766"
386,"Mar 08, 2017",0.000024,0.000035,0.000012,0.000013,37,"312,987"
387,"Mar 07, 2017",0.000025,0.000026,0.000013,0.000024,192,"325,815"
388,"Mar 06, 2017",0.000025,0.000038,0.000013,0.000025,155,"324,450"
389,"Mar 05, 2017",0.000013,0.000037,0.000013,0.000025,432,"167,029"
390,"Mar 04, 2017",0.000026,0.000037,0.000013,0.000013,332,"329,446"
391,"Mar 03, 2017",0.000013,0.000037,0.000013,0.000026,869,"162,686"
392,"Mar 02, 2017",0.000025,0.000025,0.000012,0.000013,935,"314,109"
393,"Mar 01, 2017",0.000012,0.000036,0.000012,0.000025,873,"153,386"
394,"Feb 28, 2017",0.000024,0.000024,0.000012,0.000012,425,"302,110"
395,"Feb 27, 2017",0.000023,0.000037,0.000023,0.000024,189,"297,776"
396,"Feb 26, 2017",0.000024,0.000026,0.000023,0.000023,370,"304,681"
397,"Feb 25, 2017",0.000024,0.000024,0.000022,0.000024,589,"300,684"
398,"Feb 24, 2017",0.000025,0.000036,0.000023,0.000024,456,"314,010"
399,"Feb 23, 2017",0.000022,0.000025,0.000022,0.000024,58,"285,875"
400,"Feb 22, 2017",0.000022,0.000032,0.000022,0.000022,280,"285,243"
401,"Feb 21, 2017",0.000022,0.000033,0.000022,0.000022,367,"285,522"
402,"Feb 20, 2017",0.000022,0.000027,0.000021,0.000022,63,"283,732"
403,"Feb 19, 2017",0.000022,0.000023,0.000021,0.000022,321,"277,790"
404,"Feb 18, 2017",0.000025,0.000025,0.000021,0.000022,883,"316,835"
405,"Feb 17, 2017",0.000022,0.000031,0.000022,0.000025,75,"279,888"
406,"Feb 16, 2017",0.000021,0.000031,0.000021,0.000022,136,"265,558"
407,"Feb 15, 2017",0.000022,0.000029,0.000020,0.000021,61,"284,412"
408,"Feb 14, 2017",0.000020,0.000030,0.000020,0.000022,84,"253,755"
409,"Feb 13, 2017",0.000020,0.000030,0.000020,0.000020,"4,367","256,981"
410,"Feb 12, 2017",0.000022,0.000031,0.000020,0.000020,398,"279,595"
411,"Feb 11, 2017",0.000029,0.000031,0.000020,0.000022,531,"376,265"
412,"Feb 10, 2017",0.000020,0.000029,0.000019,0.000029,280,"254,751"
413,"Feb 09, 2017",0.000021,0.000032,0.000019,0.000020,320,"272,721"
414,"Feb 08, 2017",0.000022,0.000042,0.000021,0.000021,386,"282,840"
415,"Feb 07, 2017",0.000021,0.000038,0.000021,0.000022,"1,384","266,140"
416,"Feb 06, 2017",0.000021,0.000031,0.000021,0.000021,424,"263,136"
417,"Feb 05, 2017",0.000021,0.000028,0.000020,0.000021,102,"269,269"
418,"Feb 04, 2017",0.000031,0.000034,0.000020,0.000021,55,"391,254"
419,"Feb 03, 2017",0.000030,0.000041,0.000020,0.000031,"1,334","386,786"
420,"Feb 02, 2017",0.000020,0.000040,0.000020,0.000030,"2,360","253,565"
421,"Feb 01, 2017",0.000029,0.000029,0.000020,0.000020,989,"371,810"
422,"Jan 31, 2017",0.000027,0.000029,0.000019,0.000029,"1,517","348,133"
423,"Jan 30, 2017",0.000019,0.000028,0.000018,0.000027,"1,241","244,890"
424,"Jan 29, 2017",0.000019,0.000028,0.000019,0.000019,304,"246,765"
425,"Jan 28, 2017",0.000019,0.000034,0.000018,0.000019,"2,371","248,536"
426,"Jan 27, 2017",0.000027,0.000027,0.000018,0.000019,229,"347,166"
427,"Jan 26, 2017",0.000018,0.000027,0.000018,0.000027,685,"230,781"
428,"Jan 25, 2017",0.000025,0.000027,0.000018,0.000018,917,"318,694"
429,"Jan 24, 2017",0.000028,0.000037,0.000025,0.000025,"1,143","353,288"
430,"Jan 23, 2017",0.000019,0.000037,0.000018,0.000028,"5,085","236,895"
431,"Jan 22, 2017",0.000018,0.000028,0.000009,0.000018,809,"235,932"
432,"Jan 21, 2017",0.000018,0.000021,0.000009,0.000018,500,"233,596"
433,"Jan 20, 2017",0.000018,0.000027,0.000011,0.000018,86,"234,674"
434,"Jan 19, 2017",0.000018,0.000027,0.000009,0.000018,"3,820","227,502"
435,"Jan 18, 2017",0.000019,0.000026,0.000017,0.000018,70,"245,082"
436,"Jan 17, 2017",0.000017,0.000027,0.000017,0.000019,212,"213,005"
437,"Jan 16, 2017",0.000017,0.000025,0.000017,0.000017,349,"212,125"
438,"Jan 15, 2017",0.000016,0.000024,0.000016,0.000017,217,"209,406"
439,"Jan 14, 2017",0.000016,0.000024,0.000016,0.000016,119,"210,832"
440,"Jan 13, 2017",0.000016,0.000017,0.000016,0.000016,42,"205,933"
441,"Jan 12, 2017",0.000016,0.000024,0.000015,0.000016,82,"199,004"
442,"Jan 11, 2017",0.000018,0.000024,0.000016,0.000016,583,"232,247"
443,"Jan 10, 2017",0.000018,0.000018,0.000018,0.000018,83,"231,006"
444,"Jan 09, 2017",0.000018,0.000027,0.000018,0.000018,385,"233,148"
445,"Jan 08, 2017",0.000018,0.000024,0.000018,0.000018,60,"233,909"
446,"Jan 07, 2017",0.000022,0.000027,0.000017,0.000018,"1,361","285,384"
447,"Jan 06, 2017",0.000020,0.000024,0.000018,0.000022,202,"259,293"
448,"Jan 05, 2017",0.000023,0.000024,0.000018,0.000020,174,"295,460"
449,"Jan 04, 2017",0.000021,0.000034,0.000021,0.000023,293,"267,087"
450,"Jan 03, 2017",0.000021,0.000031,0.000020,0.000021,207,"270,343"
451,"Jan 02, 2017",0.000022,0.000031,0.000021,0.000021,773,"283,254"
452,"Jan 01, 2017",0.000019,0.000030,0.000019,0.000022,297,"246,813"
453,"Dec 31, 2016",0.000019,0.000019,0.000019,0.000019,21,"246,945"
454,"Dec 30, 2016",0.000019,0.000029,0.000019,0.000019,303,"249,087"
455,"Dec 29, 2016",0.000020,0.000029,0.000019,0.000019,222,"252,209"
456,"Dec 28, 2016",0.000019,0.000029,0.000019,0.000020,301,"238,777"
457,"Dec 27, 2016",0.000019,0.000019,0.000018,0.000019,275,"237,539"
458,"Dec 26, 2016",0.000021,0.000027,0.000018,0.000019,133,"273,194"
459,"Dec 25, 2016",0.000018,0.000027,0.000017,0.000021,68,"232,169"
460,"Dec 24, 2016",0.000018,0.000027,0.000018,0.000018,110,"236,019"
461,"Dec 23, 2016",0.000018,0.000021,0.000017,0.000018,244,"224,244"
462,"Dec 22, 2016",0.000017,0.000025,0.000017,0.000018,64,"213,467"
463,"Dec 21, 2016",0.000016,0.000025,0.000016,0.000017,865,"204,919"
464,"Dec 20, 2016",0.000016,0.000020,0.000016,0.000016,37,"208,839"
465,"Dec 19, 2016",0.000016,0.000020,0.000016,0.000016,24,"202,435"
466,"Dec 18, 2016",0.000024,0.000024,0.000016,0.000016,608,"306,251"
467,"Dec 17, 2016",0.000016,0.000024,0.000016,0.000024,224,"205,354"
468,"Dec 16, 2016",0.000023,0.000031,0.000016,0.000016,183,"298,633"
469,"Dec 15, 2016",0.000023,0.000031,0.000016,0.000023,569,"295,280"
470,"Dec 14, 2016",0.000017,0.000023,0.000016,0.000023,110,"216,848"
471,"Dec 13, 2016",0.000016,0.000024,0.000016,0.000017,98,"201,414"
472,"Dec 12, 2016",0.000023,0.000030,0.000015,0.000016,257,"294,810"
473,"Dec 11, 2016",0.000023,0.000023,0.000023,0.000023,241,"296,790"
474,"Dec 10, 2016",0.000015,0.000031,0.000015,0.000023,824,"198,168"
475,"Dec 09, 2016",0.000016,0.000023,0.000015,0.000015,"1,758","209,850"
476,"Dec 08, 2016",0.000019,0.000023,0.000016,0.000016,254,"238,004"
477,"Dec 07, 2016",0.000015,0.000023,0.000015,0.000019,30,"195,542"
478,"Dec 06, 2016",0.000015,0.000023,0.000015,0.000015,271,"197,490"
479,"Dec 05, 2016",0.000015,0.000023,0.000015,0.000015,94,"198,010"
480,"Dec 04, 2016",0.000023,0.000023,0.000015,0.000015,290,"292,038"
481,"Dec 03, 2016",0.000016,0.000023,0.000015,0.000023,218,"200,278"
482,"Dec 02, 2016",0.000023,0.000031,0.000016,0.000016,460,"290,760"
483,"Dec 01, 2016",0.000022,0.000030,0.000015,0.000023,215,"286,200"
484,"Nov 30, 2016",0.000022,0.000022,0.000016,0.000022,674,"282,327"
485,"Nov 29, 2016",0.000016,0.000022,0.000016,0.000022,301,"199,752"
486,"Nov 28, 2016",0.000022,0.000022,0.000015,0.000016,173,"280,959"
487,"Nov 27, 2016",0.000022,0.000022,0.000015,0.000022,292,"284,479"
488,"Nov 26, 2016",0.000022,0.000029,0.000015,0.000022,922,"284,621"
489,"Nov 25, 2016",0.000022,0.000022,0.000022,0.000022,409,"284,108"
490,"Nov 24, 2016",0.000022,0.000028,0.000022,0.000022,"1,851","285,778"
491,"Nov 23, 2016",0.000023,0.000023,0.000022,0.000022,465,"288,370"
492,"Nov 22, 2016",0.000022,0.000030,0.000022,0.000023,198,"283,726"
493,"Nov 21, 2016",0.000022,0.000029,0.000022,0.000022,299,"282,219"
494,"Nov 20, 2016",0.000023,0.000030,0.000022,0.000022,117,"297,744"
495,"Nov 19, 2016",0.000023,0.000030,0.000023,0.000023,281,"289,762"
496,"Nov 18, 2016",0.000022,0.000030,0.000022,0.000023,499,"284,571"
497,"Nov 17, 2016",0.000022,0.000030,0.000022,0.000022,935,"285,624"
498,"Nov 16, 2016",0.000021,0.000030,0.000021,0.000022,"2,867","272,949"
499,"Nov 15, 2016",0.000021,0.000028,0.000021,0.000021,129,"270,589"
500,"Nov 14, 2016",0.000025,0.000028,0.000021,0.000021,639,"317,476"
501,"Nov 13, 2016",0.000026,0.000027,0.000021,0.000025,365,"327,930"
502,"Nov 12, 2016",0.000021,0.000026,0.000021,0.000026,170,"274,961"
503,"Nov 11, 2016",0.000021,0.000029,0.000021,0.000021,594,"274,624"
504,"Nov 10, 2016",0.000022,0.000029,0.000021,0.000021,718,"278,395"
505,"Nov 09, 2016",0.000021,0.000029,0.000021,0.000022,553,"272,547"
506,"Nov 08, 2016",0.000021,0.000023,0.000021,0.000021,60,"269,864"
507,"Nov 07, 2016",0.000028,0.000028,0.000021,0.000021,337,"363,832"
508,"Nov 06, 2016",0.000021,0.000028,0.000021,0.000028,"1,445","270,073"
509,"Nov 05, 2016",0.000021,0.000028,0.000021,0.000021,289,"271,187"
510,"Nov 04, 2016",0.000021,0.000028,0.000021,0.000021,154,"265,306"
511,"Nov 03, 2016",0.000026,0.000029,0.000020,0.000021,473,"333,834"
512,"Nov 02, 2016",0.000022,0.000029,0.000022,0.000026,497,"280,098"
513,"Nov 01, 2016",0.000025,0.000029,0.000021,0.000022,178,"322,376"
514,"Oct 31, 2016",0.000021,0.000026,0.000021,0.000025,653,"269,378"
515,"Oct 30, 2016",0.000023,0.000028,0.000021,0.000021,602,"293,725"
516,"Oct 29, 2016",0.000021,0.000026,0.000021,0.000023,460,"264,690"
517,"Oct 28, 2016",0.000021,0.000027,0.000021,0.000021,339,"265,208"
518,"Oct 27, 2016",0.000022,0.000028,0.000021,0.000021,"2,596","283,797"
519,"Oct 26, 2016",0.000026,0.000027,0.000020,0.000022,462,"336,513"
520,"Oct 25, 2016",0.000026,0.000032,0.000020,0.000026,"2,629","334,554"
521,"Oct 24, 2016",0.000026,0.000033,0.000026,0.000026,971,"336,279"
522,"Oct 23, 2016",0.000027,0.000033,0.000026,0.000026,"1,092","342,688"
523,"Oct 22, 2016",0.000025,0.000033,0.000025,0.000027,464,"325,129"
524,"Oct 21, 2016",0.000024,0.000032,0.000023,0.000025,"1,292","304,412"
525,"Oct 20, 2016",0.000025,0.000031,0.000024,0.000024,"1,096","321,583"
526,"Oct 19, 2016",0.000026,0.000032,0.000025,0.000025,315,"326,423"
527,"Oct 18, 2016",0.000026,0.000032,0.000019,0.000026,"1,732","326,340"
528,"Oct 17, 2016",0.000026,0.000032,0.000019,0.000026,698,"328,362"
529,"Oct 16, 2016",0.000026,0.000026,0.000019,0.000026,"2,180","326,819"
530,"Oct 15, 2016",0.000020,0.000026,0.000019,0.000026,610,"250,227"
531,"Oct 14, 2016",0.000025,0.000032,0.000019,0.000020,153,"325,334"
532,"Oct 13, 2016",0.000019,0.000032,0.000019,0.000025,389,"245,065"
533,"Oct 12, 2016",0.000026,0.000032,0.000019,0.000019,"1,993","327,906"
534,"Oct 11, 2016",0.000025,0.000032,0.000025,0.000026,523,"316,514"
535,"Oct 10, 2016",0.000025,0.000031,0.000025,0.000025,"1,691","315,383"
536,"Oct 09, 2016",0.000025,0.000030,0.000025,0.000025,635,"316,497"
537,"Oct 08, 2016",0.000025,0.000031,0.000025,0.000025,627,"317,591"
538,"Oct 07, 2016",0.000025,0.000030,0.000024,0.000025,235,"313,136"
539,"Oct 06, 2016",0.000025,0.000031,0.000024,0.000025,"1,426","315,323"
540,"Oct 05, 2016",0.000024,0.000030,0.000024,0.000025,269,"305,401"
541,"Oct 04, 2016",0.000024,0.000028,0.000023,0.000024,305,"311,514"
542,"Oct 03, 2016",0.000024,0.000031,0.000024,0.000024,453,"310,538"
543,"Oct 02, 2016",0.000025,0.000031,0.000024,0.000024,488,"312,552"
544,"Oct 01, 2016",0.000024,0.000031,0.000024,0.000025,"2,089","310,315"
545,"Sep 30, 2016",0.000024,0.000030,0.000020,0.000024,722,"308,063"
546,"Sep 29, 2016",0.000029,0.000029,0.000020,0.000024,974,"370,838"
547,"Sep 28, 2016",0.000024,0.000036,0.000024,0.000029,521,"307,915"
548,"Sep 27, 2016",0.000024,0.000036,0.000024,0.000024,"1,276","308,680"
549,"Sep 26, 2016",0.000024,0.000030,0.000024,0.000024,138,"304,825"
550,"Sep 25, 2016",0.000024,0.000030,0.000024,0.000024,355,"305,628"
551,"Sep 24, 2016",0.000030,0.000030,0.000024,0.000024,353,"380,386"
552,"Sep 23, 2016",0.000030,0.000035,0.000024,0.000030,665,"376,134"
553,"Sep 22, 2016",0.000024,0.000030,0.000024,0.000030,"1,446","302,206"
554,"Sep 21, 2016",0.000025,0.000035,0.000024,0.000024,"1,558","310,087"
555,"Sep 20, 2016",0.000030,0.000030,0.000024,0.000025,"3,200","384,508"
556,"Sep 19, 2016",0.000031,0.000036,0.000024,0.000030,"3,695","386,361"
557,"Sep 18, 2016",0.000042,0.000042,0.000030,0.000031,"1,874","531,641"
558,"Sep 17, 2016",0.000030,0.000042,0.000030,0.000042,"3,680","384,118"
559,"Sep 16, 2016",0.000021,0.000041,0.000021,0.000030,"9,072","264,553"
560,"Sep 15, 2016",0.000024,0.000030,0.000021,0.000021,719,"307,724"
561,"Sep 14, 2016",0.000024,0.000030,0.000024,0.000024,694,"304,712"
562,"Sep 13, 2016",0.000024,0.000024,0.000024,0.000024,253,"302,260"
563,"Sep 12, 2016",0.000030,0.000030,0.000024,0.000024,178,"378,243"
564,"Sep 11, 2016",0.000025,0.000031,0.000019,0.000030,700,"312,068"
565,"Sep 10, 2016",0.000019,0.000025,0.000019,0.000025,412,"245,009"
566,"Sep 09, 2016",0.000021,0.000025,0.000019,0.000019,195,"263,242"
567,"Sep 08, 2016",0.000024,0.000025,0.000019,0.000021,69,"306,928"
568,"Sep 07, 2016",0.000019,0.000024,0.000018,0.000024,606,"241,437"
569,"Sep 06, 2016",0.000018,0.000030,0.000018,0.000019,532,"228,498"
570,"Sep 05, 2016",0.000019,0.000030,0.000018,0.000018,"1,645","234,375"
571,"Sep 04, 2016",0.000018,0.000022,0.000018,0.000019,213,"225,500"
572,"Sep 03, 2016",0.000020,0.000023,0.000017,0.000018,83,"249,103"
573,"Sep 02, 2016",0.000018,0.000023,0.000018,0.000020,266,"220,050"
574,"Sep 01, 2016",0.000021,0.000026,0.000018,0.000018,887,"258,054"
575,"Aug 31, 2016",0.000025,0.000029,0.000019,0.000021,738,"316,463"
576,"Aug 30, 2016",0.000023,0.000029,0.000018,0.000025,830,"286,127"
577,"Aug 29, 2016",0.000017,0.000029,0.000017,0.000023,948,"216,950"
578,"Aug 28, 2016",0.000017,0.000023,0.000017,0.000017,365,"215,468"
579,"Aug 27, 2016",0.000018,0.000023,0.000017,0.000017,101,"219,250"
580,"Aug 26, 2016",0.000018,0.000018,0.000018,0.000018,46,"220,054"
581,"Aug 25, 2016",0.000018,0.000022,0.000017,0.000018,91,"218,960"
582,"Aug 24, 2016",0.000018,0.000023,0.000018,0.000018,197,"221,808"
583,"Aug 23, 2016",0.000018,0.000028,0.000018,0.000018,293,"222,636"
584,"Aug 22, 2016",0.000023,0.000029,0.000017,0.000018,472,"289,448"
585,"Aug 21, 2016",0.000023,0.000029,0.000017,0.000023,523,"289,759"
586,"Aug 20, 2016",0.000018,0.000029,0.000018,0.000023,466,"224,764"
587,"Aug 19, 2016",0.000023,0.000029,0.000018,0.000018,899,"285,846"
588,"Aug 18, 2016",0.000018,0.000029,0.000018,0.000023,"2,278","226,536"
589,"Aug 17, 2016",0.000017,0.000024,0.000017,0.000018,951,"215,670"
590,"Aug 16, 2016",0.000018,0.000023,0.000017,0.000017,"4,586","219,274"
591,"Aug 15, 2016",0.000017,0.000026,0.000017,0.000018,251,"215,489"
592,"Aug 14, 2016",0.000018,0.000023,0.000017,0.000017,252,"220,091"
593,"Aug 13, 2016",0.000020,0.000024,0.000018,0.000018,"1,266","245,732"
594,"Aug 12, 2016",0.000018,0.000024,0.000018,0.000020,272,"225,177"
595,"Aug 11, 2016",0.000021,0.000025,0.000018,0.000018,815,"260,599"
596,"Aug 10, 2016",0.000018,0.000024,0.000018,0.000021,579,"226,585"
597,"Aug 09, 2016",0.000020,0.000027,0.000018,0.000018,314,"251,670"
598,"Aug 08, 2016",0.000019,0.000029,0.000018,0.000020,430,"234,890"
599,"Aug 07, 2016",0.000020,0.000030,0.000018,0.000019,"1,313","250,225"
600,"Aug 06, 2016",0.000019,0.000024,0.000017,0.000024,177,"231,712"
601,"Aug 05, 2016",0.000022,0.000025,0.000019,0.000019,926,"276,235"
602,"Aug 04, 2016",0.000018,0.000025,0.000018,0.000022,923,"222,823"
603,"Aug 03, 2016",0.000017,0.000023,0.000017,0.000018,237,"207,668"
604,"Aug 02, 2016",0.000019,0.000023,0.000016,0.000017,384,"236,098"
605,"Aug 01, 2016",0.000019,0.000025,0.000019,0.000019,552,"231,296"
606,"Jul 31, 2016",0.000026,0.000032,0.000019,0.000019,"1,805","325,186"
607,"Jul 30, 2016",0.000026,0.000027,0.000026,0.000026,408,"321,548"
608,"Jul 29, 2016",0.000026,0.000033,0.000026,0.000026,645,"322,177"
609,"Jul 28, 2016",0.000026,0.000033,0.000026,0.000026,"1,274","322,626"
610,"Jul 27, 2016",0.000026,0.000032,0.000025,0.000026,342,"316,670"
611,"Jul 26, 2016",0.000026,0.000031,0.000025,0.000026,982,"321,543"
612,"Jul 25, 2016",0.000027,0.000029,0.000026,0.000026,247,"325,605"
613,"Jul 24, 2016",0.000026,0.000033,0.000026,0.000027,"1,225","321,689"
614,"Jul 23, 2016",0.000032,0.000032,0.000026,0.000026,177,"397,956"
615,"Jul 22, 2016",0.000022,0.000033,0.000022,0.000032,"1,695","274,558"
616,"Jul 21, 2016",0.000027,0.000033,0.000020,0.000022,298,"328,189"
617,"Jul 20, 2016",0.000021,0.000033,0.000020,0.000027,"1,105","255,630"
618,"Jul 19, 2016",0.000026,0.000033,0.000021,0.000027,"1,447","323,913"
619,"Jul 18, 2016",0.000028,0.000034,0.000021,0.000027,636,"336,788"
620,"Jul 17, 2016",0.000026,0.000034,0.000020,0.000028,"1,111","319,787"
621,"Jul 16, 2016",0.000027,0.000033,0.000026,0.000032,400,"325,887"
622,"Jul 15, 2016",0.000026,0.000033,0.000026,0.000027,915,"318,209"
623,"Jul 14, 2016",0.000026,0.000033,0.000026,0.000026,998,"318,732"
624,"Jul 13, 2016",0.000027,0.000033,0.000026,0.000026,"5,088","328,591"
625,"Jul 12, 2016",0.000026,0.000033,0.000026,0.000027,877,"314,448"
626,"Jul 11, 2016",0.000032,0.000037,0.000026,0.000026,915,"381,657"
627,"Jul 10, 2016",0.000032,0.000037,0.000026,0.000032,232,"386,494"
628,"Jul 09, 2016",0.000027,0.000033,0.000025,0.000032,594,"327,326"
629,"Jul 08, 2016",0.000032,0.000038,0.000026,0.000027,509,"384,188"
630,"Jul 07, 2016",0.000034,0.000041,0.000030,0.000032,640,"407,321"
631,"Jul 06, 2016",0.000034,0.000041,0.000027,0.000034,"2,661","409,261"
632,"Jul 05, 2016",0.000034,0.000034,0.000027,0.000034,969,"410,381"
633,"Jul 04, 2016",0.000033,0.000041,0.000033,0.000034,"2,230","398,853"
634,"Jul 03, 2016",0.000028,0.000039,0.000026,0.000033,"1,737","339,638"
635,"Jul 02, 2016",0.000040,0.000048,0.000028,0.000028,"6,136","483,254"
636,"Jul 01, 2016",0.000034,0.000047,0.000034,0.000040,"1,939","403,587"
637,"Jun 30, 2016",0.000026,0.000040,0.000025,0.000034,"5,061","305,683"
638,"Jun 29, 2016",0.000026,0.000032,0.000025,0.000026,"2,321","308,572"
639,"Jun 28, 2016",0.000026,0.000032,0.000025,0.000026,"1,887","310,891"
640,"Jun 27, 2016",0.000026,0.000032,0.000025,0.000026,"2,852","308,687"
641,"Jun 26, 2016",0.000026,0.000030,0.000020,0.000026,527,"311,106"
642,"Jun 25, 2016",0.000021,0.000033,0.000021,0.000026,705,"253,647"
643,"Jun 24, 2016",0.000025,0.000027,0.000020,0.000021,"1,490","296,365"
644,"Jun 23, 2016",0.000018,0.000028,0.000017,0.000025,"1,720","212,124"
645,"Jun 22, 2016",0.000020,0.000026,0.000018,0.000018,"1,341","235,930"
646,"Jun 21, 2016",0.000022,0.000027,0.000019,0.000020,616,"261,531"
647,"Jun 20, 2016",0.000023,0.000030,0.000015,0.000022,"1,287","270,851"
648,"Jun 19, 2016",0.000023,0.000029,0.000022,0.000023,881,"267,825"
649,"Jun 18, 2016",0.000022,0.000030,0.000022,0.000023,566,"264,900"
650,"Jun 17, 2016",0.000024,0.000031,0.000016,0.000022,"4,448","281,874"
651,"Jun 16, 2016",0.000028,0.000030,0.000022,0.000024,"1,786","326,909"
652,"Jun 15, 2016",0.000021,0.000027,0.000020,0.000023,187,"243,464"
653,"Jun 14, 2016",0.000021,0.000028,0.000014,0.000021,"2,725","249,179"
654,"Jun 13, 2016",0.000020,0.000028,0.000020,0.000021,"2,399","237,550"
655,"Jun 12, 2016",0.000028,0.000028,0.000019,0.000020,"3,379","324,225"
656,"Jun 11, 2016",0.000023,0.000029,0.000023,0.000028,"5,223","270,190"
657,"Jun 10, 2016",0.000023,0.000027,0.000023,0.000023,"1,194","268,524"
658,"Jun 09, 2016",0.000024,0.000029,0.000023,0.000023,908,"280,880"
659,"Jun 08, 2016",0.000023,0.000029,0.000023,0.000024,667,"272,151"
660,"Jun 07, 2016",0.000029,0.000029,0.000023,0.000023,"1,449","340,796"
661,"Jun 06, 2016",0.000028,0.000029,0.000024,0.000029,994,"323,278"
662,"Jun 05, 2016",0.000029,0.000029,0.000023,0.000028,433,"331,276"
663,"Jun 04, 2016",0.000029,0.000034,0.000023,0.000029,895,"331,900"
664,"Jun 03, 2016",0.000027,0.000029,0.000027,0.000029,614,"311,717"
665,"Jun 02, 2016",0.000027,0.000032,0.000027,0.000027,"2,125","310,402"
666,"Jun 01, 2016",0.000027,0.000032,0.000026,0.000027,"1,483","307,134"
667,"May 31, 2016",0.000027,0.000032,0.000026,0.000027,"1,990","308,152"
668,"May 30, 2016",0.000026,0.000032,0.000026,0.000027,"1,072","305,490"
669,"May 29, 2016",0.000032,0.000033,0.000021,0.000026,"2,995","365,220"
670,"May 28, 2016",0.000028,0.000032,0.000025,0.000032,"2,397","323,332"
671,"May 27, 2016",0.000027,0.000033,0.000024,0.000028,"2,123","312,364"
672,"May 26, 2016",0.000023,0.000032,0.000023,0.000027,"2,644","258,170"
673,"May 25, 2016",0.000031,0.000031,0.000022,0.000023,"6,687","356,403"
674,"May 24, 2016",0.000035,0.000035,0.000027,0.000031,"3,801","404,180"
675,"May 23, 2016",0.000032,0.000035,0.000030,0.000035,"2,914","360,029"
676,"May 22, 2016",0.000031,0.000036,0.000031,0.000032,903,"352,747"
677,"May 21, 2016",0.000031,0.000035,0.000030,0.000031,"1,773","356,481"
678,"May 20, 2016",0.000031,0.000035,0.000026,0.000031,"2,886","348,687"
679,"May 19, 2016",0.000027,0.000036,0.000027,0.000031,"1,878","310,503"
680,"May 18, 2016",0.000028,0.000036,0.000027,0.000027,"3,759","316,121"
681,"May 17, 2016",0.000032,0.000036,0.000027,0.000028,"3,336","359,560"
682,"May 16, 2016",0.000041,0.000041,0.000027,0.000032,"7,207","458,116"
683,"May 15, 2016",0.000037,0.000041,0.000036,0.000037,"2,730","414,497"
684,"May 14, 2016",0.000041,0.000041,0.000032,0.000037,"3,214","463,388"
685,"May 13, 2016",0.000041,0.000045,0.000036,0.000041,"5,260","463,885"
686,"May 12, 2016",0.000037,0.000045,0.000036,0.000041,"2,349","412,910"
687,"May 11, 2016",0.000041,0.000046,0.000036,0.000037,"8,125","457,447"
688,"May 10, 2016",0.000047,0.000050,0.000041,0.000041,"4,817","525,657"
689,"May 09, 2016",0.000048,0.000052,0.000041,0.000047,"6,092","538,346"
690,"May 08, 2016",0.000051,0.000056,0.000046,0.000048,"4,329","567,782"
691,"May 07, 2016",0.000046,0.000055,0.000046,0.000051,"3,953","517,885"
692,"May 06, 2016",0.000049,0.000054,0.000042,0.000046,"5,367","552,283"
693,"May 05, 2016",0.000053,0.000054,0.000041,0.000049,"7,681","589,230"
694,"May 04, 2016",0.000051,0.000054,0.000045,0.000049,"5,344","563,221"
695,"May 03, 2016",0.000049,0.000057,0.000049,0.000051,"1,554","550,044"
696,"May 02, 2016",0.000051,0.000057,0.000049,0.000049,"3,861","567,568"
697,"May 01, 2016",0.000051,0.000058,0.000050,0.000051,"2,489","565,435"
698,"Apr 30, 2016",0.000050,0.000055,0.000050,0.000051,"2,338","554,109"
699,"Apr 29, 2016",0.000054,0.000058,0.000050,0.000050,"3,716","594,799"
700,"Apr 28, 2016",0.000053,0.000058,0.000049,0.000054,"5,049","587,725"
701,"Apr 27, 2016",0.000055,0.000058,0.000050,0.000053,"3,036","606,944"
702,"Apr 26, 2016",0.000060,0.000060,0.000047,0.000055,"5,123","659,384"
703,"Apr 25, 2016",0.000059,0.000064,0.000056,0.000060,"3,809","650,691"
704,"Apr 24, 2016",0.000059,0.000067,0.000058,0.000059,"2,226","645,439"
705,"Apr 23, 2016",0.000066,0.000070,0.000058,0.000059,"2,537","725,266"
706,"Apr 22, 2016",0.000054,0.000071,0.000053,0.000066,"6,899","589,273"
707,"Apr 21, 2016",0.000058,0.000062,0.000040,0.000054,"21,313","633,326"
708,"Apr 20, 2016",0.000065,0.000065,0.000053,0.000058,"11,106","712,792"
709,"Apr 19, 2016",0.000073,0.000073,0.000060,0.000065,"8,718","790,808"
710,"Apr 18, 2016",0.000077,0.000077,0.000064,0.000073,"15,461","835,997"
711,"Apr 17, 2016",0.000069,0.000082,0.000069,0.000077,"9,763","750,506"
712,"Apr 16, 2016",0.000075,0.000086,0.000069,0.000069,"16,982","810,302"
713,"Apr 15, 2016",0.000077,0.000081,0.000073,0.000075,"8,297","826,445"
714,"Apr 14, 2016",0.000085,0.000085,0.000068,0.000077,"14,853","917,048"
715,"Apr 13, 2016",0.000107,0.000107,0.000068,0.000085,"20,766","1,146,180"
716,"Apr 12, 2016",0.000213,0.000213,0.000092,0.000107,"37,220","2,282,640"
717,"Apr 11, 2016",0.000192,0.000541,0.000181,0.000213,631,"2,057,150"
718,"Apr 10, 2016",0.000172,0.000241,0.000163,0.000192,860,"1,830,560"
719,"Apr 09, 2016",0.000192,0.000193,0.000158,0.000172,399,"2,037,410"
720,"Apr 08, 2016",0.000216,0.000218,0.000170,0.000190,638,"2,284,390"
721,"Apr 07, 2016",0.000140,0.000237,0.000139,0.000216,"1,880","1,474,280"
722,"Apr 06, 2016",0.000123,0.000141,0.000122,0.000140,769,"1,291,760"
723,"Apr 05, 2016",0.000132,0.000140,0.000118,0.000123,966,"1,383,450"
724,"Apr 04, 2016",0.000125,0.000137,0.000099,0.000132,441,"1,312,010"
725,"Apr 03, 2016",0.000130,0.000131,0.000122,0.000125,"10,010","1,364,110"
726,"Apr 02, 2016",0.000117,0.000147,0.000113,0.000130,"33,868","1,226,770"
727,"Apr 01, 2016",0.000117,0.000126,0.000109,0.000117,"10,403","1,223,350"
728,"Mar 31, 2016",0.000124,0.000137,0.000108,0.000113,"19,155","1,295,910"
729,"Mar 30, 2016",0.000129,0.000133,0.000116,0.000124,"13,948","1,340,620"
730,"Mar 29, 2016",0.000131,0.000144,0.000120,0.000129,"9,337","1,361,200"
731,"Mar 28, 2016",0.000141,0.000169,0.000111,0.000131,"59,092","1,453,400"
732,"Mar 27, 2016",0.000125,0.000137,0.000121,0.000137,"11,344","1,286,540"
733,"Mar 26, 2016",0.000134,0.000142,0.000113,0.000125,"25,412","1,369,530"
734,"Mar 25, 2016",0.000100,0.000159,0.000080,0.000134,"110,896","1,019,650"
735,"Mar 24, 2016",0.000113,0.000117,0.000088,0.000096,"19,695","1,151,770"
736,"Mar 23, 2016",0.000121,0.000122,0.000109,0.000113,"13,367","1,230,080"
737,"Mar 22, 2016",0.000124,0.000133,0.000113,0.000121,"10,291","1,256,500"
738,"Mar 21, 2016",0.000137,0.000144,0.000120,0.000124,"20,555","1,379,950"
739,"Mar 20, 2016",0.000123,0.000149,0.000120,0.000137,"16,405","1,239,620"
740,"Mar 19, 2016",0.000139,0.000139,0.000118,0.000123,"8,517","1,390,980"
741,"Mar 18, 2016",0.000126,0.000139,0.000113,0.000139,"17,269","1,262,060"
742,"Mar 17, 2016",0.000163,0.000163,0.000101,0.000126,"45,644","1,624,040"
743,"Mar 16, 2016",0.000175,0.000187,0.000134,0.000163,"61,496","1,746,110"
744,"Mar 15, 2016",0.000192,0.000196,0.000175,0.000175,"34,318","1,905,010"
745,"Mar 14, 2016",0.000194,0.000208,0.000186,0.000192,"38,928","1,928,900"
746,"Mar 13, 2016",0.000177,0.000208,0.000174,0.000194,"42,651","1,750,890"
747,"Mar 12, 2016",0.000190,0.000206,0.000169,0.000177,"52,384","1,877,620"
748,"Mar 11, 2016",0.000121,0.000227,0.000121,0.000190,"190,205","1,189,550"
749,"Mar 10, 2016",0.000087,0.000136,0.000083,0.000121,"52,866","856,483"
750,"Mar 09, 2016",0.000066,0.000111,0.000066,0.000091,"68,824","650,804"
751,"Mar 08, 2016",0.000050,0.000070,0.000050,0.000066,"16,558","489,448"
752,"Mar 07, 2016",0.000041,0.000062,0.000041,0.000050,"17,662","399,802"
753,"Mar 06, 2016",0.000040,0.000045,0.000040,0.000041,"3,564","390,931"
754,"Mar 05, 2016",0.000041,0.000045,0.000036,0.000040,"6,924","400,549"
755,"Mar 04, 2016",0.000042,0.000046,0.000037,0.000041,"4,682","407,877"
756,"Mar 03, 2016",0.000043,0.000046,0.000038,0.000038,"5,271","413,643"
757,"Mar 02, 2016",0.000039,0.000068,0.000035,0.000043,"5,842","379,333"
758,"Mar 01, 2016",0.000048,0.000053,0.000039,0.000039,"4,875","464,993"
759,"Feb 29, 2016",0.000052,0.000057,0.000048,0.000048,"7,001","501,376"
760,"Feb 28, 2016",0.000048,0.000056,0.000043,0.000052,"8,798","458,031"
761,"Feb 27, 2016",0.000052,0.000056,0.000043,0.000048,"7,881","496,895"
762,"Feb 26, 2016",0.000051,0.000056,0.000047,0.000052,"7,276","488,528"
763,"Feb 25, 2016",0.000055,0.000063,0.000047,0.000051,"4,831","527,529"
764,"Feb 24, 2016",0.000055,0.000063,0.000047,0.000055,"9,964","525,935"
765,"Feb 23, 2016",0.000066,0.000076,0.000055,0.000055,"9,878","627,630"
766,"Feb 22, 2016",0.000075,0.000091,0.000057,0.000066,"11,757","706,145"
767,"Feb 21, 2016",0.000086,0.000088,0.000064,0.000075,184,"809,956"
768,"Feb 20, 2016",0.000087,0.000093,0.000078,0.000086,725,"820,443"
769,"Feb 19, 2016",0.000056,0.000099,0.000052,0.000087,"1,692","531,376"
770,"Feb 18, 2016",0.000042,0.000059,0.000042,0.000056,"5,967","400,078"
771,"Feb 17, 2016",0.000040,0.000046,0.000037,0.000042,"3,905","383,130"
772,"Feb 16, 2016",0.000032,0.000045,0.000032,0.000040,"9,749","298,192"
773,"Feb 15, 2016",0.000033,0.000044,0.000032,0.000032,"3,749","310,984"
774,"Feb 14, 2016",0.000043,0.000045,0.000032,0.000033,"5,644","406,168"
775,"Feb 13, 2016",0.000034,0.000044,0.000031,0.000043,"9,553","324,920"
776,"Feb 12, 2016",0.000031,0.000034,0.000023,0.000034,"6,962","288,621"
777,"Feb 11, 2016",0.000027,0.000037,0.000027,0.000031,"15,670","258,753"
778,"Feb 10, 2016",0.000019,0.000033,0.000019,0.000030,"10,365","177,725"
779,"Feb 09, 2016",0.000015,0.000022,0.000015,0.000019,"4,672","141,280"
780,"Feb 08, 2016",0.000019,0.000019,0.000015,0.000015,"1,063","177,439"
781,"Feb 07, 2016",0.000019,0.000019,0.000015,0.000019,"3,525","177,082"
782,"Feb 06, 2016",0.000019,0.000019,0.000015,0.000019,"1,609","180,591"
783,"Feb 05, 2016",0.000017,0.000023,0.000015,0.000019,"3,074","162,811"
784,"Feb 04, 2016",0.000015,0.000017,0.000015,0.000017,261,"143,682"
785,"Feb 03, 2016",0.000016,0.000018,0.000012,0.000015,333,"147,739"
786,"Feb 02, 2016",0.000015,0.000019,0.000011,0.000016,387,"144,394"
787,"Feb 01, 2016",0.000015,0.000019,0.000015,0.000015,"1,199","139,313"
788,"Jan 31, 2016",0.000016,0.000019,0.000015,0.000015,"1,869","147,082"
789,"Jan 30, 2016",0.000015,0.000018,0.000015,0.000016,654,"139,770"
790,"Jan 29, 2016",0.000015,0.000018,0.000014,0.000015,494,"141,877"
791,"Jan 28, 2016",0.000020,0.000020,0.000015,0.000015,"1,057","184,886"
792,"Jan 27, 2016",0.000016,0.000020,0.000008,0.000020,"3,711","146,735"
793,"Jan 26, 2016",0.000009,0.000016,0.000008,0.000016,"1,296","80,915"
794,"Jan 25, 2016",0.000009,0.000012,0.000009,0.000009,164,"81,642"
795,"Jan 24, 2016",0.000012,0.000015,0.000008,0.000009,152,"111,627"
796,"Jan 23, 2016",0.000015,0.000016,0.000011,0.000012,560,"141,989"
797,"Jan 22, 2016",0.000008,0.000015,0.000008,0.000015,"1,491","78,425"
798,"Jan 21, 2016",0.000009,0.000017,0.000008,0.000008,"1,267","82,149"
799,"Jan 20, 2016",0.000009,0.000013,0.000008,0.000009,175,"86,318"
800,"Jan 19, 2016",0.000008,0.000013,0.000008,0.000009,200,"79,453"
801,"Jan 18, 2016",0.000008,0.000012,0.000008,0.000009,331,"79,512"
802,"Jan 17, 2016",0.000012,0.000012,0.000008,0.000008,146,"108,143"
803,"Jan 16, 2016",0.000011,0.000013,0.000009,0.000012,131,"102,286"
804,"Jan 15, 2016",0.000013,0.000013,0.000009,0.000011,97,"123,796"
805,"Jan 14, 2016",0.000013,0.000014,0.000013,0.000013,130,"119,314"
806,"Jan 13, 2016",0.000013,0.000017,0.000012,0.000013,61,"122,321"
807,"Jan 12, 2016",0.000013,0.000013,0.000009,0.000013,886,"125,855"
808,"Jan 11, 2016",0.000014,0.000014,0.000009,0.000013,"1,292","129,933"
809,"Jan 10, 2016",0.000013,0.000018,0.000013,0.000014,411,"125,594"
810,"Jan 09, 2016",0.000014,0.000018,0.000013,0.000013,621,"126,782"
811,"Jan 08, 2016",0.000014,0.000014,0.000009,0.000014,204,"128,385"
812,"Jan 07, 2016",0.000013,0.000018,0.000009,0.000014,244,"120,327"
813,"Jan 06, 2016",0.000013,0.000013,0.000012,0.000013,"1,524","123,628"
814,"Jan 05, 2016",0.000013,0.000016,0.000009,0.000013,135,"121,454"
815,"Jan 04, 2016",0.000012,0.000017,0.000009,0.000013,486,"109,998"
816,"Jan 03, 2016",0.000011,0.000017,0.000011,0.000012,480,"106,369"
817,"Jan 02, 2016",0.000015,0.000017,0.000011,0.000011,"2,473","138,945"
818,"Jan 01, 2016",0.000013,0.000016,0.000009,0.000015,700,"121,532"
819,"Dec 31, 2015",0.000013,0.000017,0.000012,0.000013,523,"117,036"
820,"Dec 30, 2015",0.000017,0.000017,0.000010,0.000013,347,"155,866"
821,"Dec 29, 2015",0.000013,0.000017,0.000013,0.000017,"2,705","118,160"
822,"Dec 28, 2015",0.000017,0.000019,0.000010,0.000013,"7,446","160,743"
823,"Dec 27, 2015",0.000014,0.000019,0.000012,0.000015,847,"132,161"
824,"Dec 26, 2015",0.000013,0.000017,0.000010,0.000015,343,"124,397"
825,"Dec 25, 2015",0.000014,0.000018,0.000013,0.000013,175,"127,149"
826,"Dec 24, 2015",0.000018,0.000018,0.000013,0.000014,"1,772","163,956"
827,"Dec 23, 2015",0.000021,0.000022,0.000017,0.000022,"3,454","198,738"
828,"Dec 22, 2015",0.000017,0.000021,0.000014,0.000021,"4,829","157,571"
829,"Dec 21, 2015",0.000017,0.000020,0.000014,0.000017,156,"155,606"
830,"Dec 20, 2015",0.000023,0.000027,0.000016,0.000024,460,"213,711"
831,"Dec 19, 2015",0.000018,0.000028,0.000014,0.000023,"4,750","166,877"
832,"Dec 18, 2015",0.000018,0.000023,0.000017,0.000018,"1,339","169,252"
833,"Dec 17, 2015",0.000014,0.000018,0.000014,0.000018,"3,956","127,338"
834,"Dec 16, 2015",0.000018,0.000022,0.000014,0.000014,367,"163,097"
835,"Dec 15, 2015",0.000018,0.000023,0.000015,0.000017,431,"164,222"
836,"Dec 14, 2015",0.000017,0.000022,0.000016,0.000018,"1,708","157,689"
837,"Dec 13, 2015",0.000024,0.000024,0.000017,0.000017,"2,038","223,341"
838,"Dec 12, 2015",0.000018,0.000026,0.000017,0.000024,429,"167,438"
839,"Dec 11, 2015",0.000020,0.000025,0.000017,0.000018,"1,451","183,360"
840,"Dec 10, 2015",0.000019,0.000023,0.000017,0.000020,748,"172,215"
841,"Dec 09, 2015",0.000018,0.000020,0.000014,0.000019,"1,548","162,561"
842,"Dec 08, 2015",0.000014,0.000019,0.000013,0.000017,480,"127,100"
843,"Dec 07, 2015",0.000016,0.000020,0.000014,0.000014,301,"144,492"
844,"Dec 06, 2015",0.000016,0.000020,0.000016,0.000016,383,"144,307"
845,"Dec 05, 2015",0.000021,0.000022,0.000016,0.000019,"1,041","197,625"
846,"Dec 04, 2015",0.000015,0.000021,0.000015,0.000021,"1,441","142,427"
847,"Dec 03, 2015",0.000020,0.000020,0.000015,0.000015,688,"183,668"
848,"Dec 02, 2015",0.000017,0.000020,0.000016,0.000017,330,"159,729"
849,"Dec 01, 2015",0.000022,0.000024,0.000017,0.000018,653,"204,141"
850,"Nov 30, 2015",0.000015,0.000025,0.000015,0.000022,"5,892","136,768"
851,"Nov 29, 2015",0.000017,0.000018,0.000014,0.000015,90,"159,910"
852,"Nov 28, 2015",0.000014,0.000020,0.000014,0.000017,"3,294","132,192"
853,"Nov 27, 2015",0.000014,0.000015,0.000012,0.000014,404,"130,686"
854,"Nov 26, 2015",0.000016,0.000018,0.000010,0.000014,278,"150,793"
855,"Nov 25, 2015",0.000011,0.000016,0.000010,0.000016,148,"105,472"
856,"Nov 24, 2015",0.000010,0.000014,0.000010,0.000011,621,"96,693"
857,"Nov 23, 2015",0.000010,0.000013,0.000010,0.000010,262,"90,287"
858,"Nov 22, 2015",0.000010,0.000013,0.000010,0.000010,31,"90,783"
859,"Nov 21, 2015",0.000013,0.000013,0.000010,0.000010,69,"119,005"
860,"Nov 20, 2015",0.000015,0.000015,0.000012,0.000013,95,"136,777"
861,"Nov 19, 2015",0.000010,0.000015,0.000010,0.000015,158,"93,510"
862,"Nov 18, 2015",0.000010,0.000015,0.000010,0.000010,328,"92,919"
863,"Nov 17, 2015",0.000014,0.000014,0.000010,0.000010,"1,051","128,381"
864,"Nov 16, 2015",0.000012,0.000014,0.000010,0.000014,210,"106,227"
865,"Nov 15, 2015",0.000012,0.000013,0.000011,0.000012,28,"108,759"
866,"Nov 14, 2015",0.000012,0.000014,0.000011,0.000012,124,"109,965"
867,"Nov 13, 2015",0.000012,0.000014,0.000011,0.000012,79,"111,803"
868,"Nov 12, 2015",0.000012,0.000015,0.000012,0.000012,174,"113,431"
869,"Nov 11, 2015",0.000013,0.000015,0.000010,0.000012,285,"124,243"
870,"Nov 10, 2015",0.000012,0.000015,0.000012,0.000013,99,"113,037"
871,"Nov 09, 2015",0.000015,0.000015,0.000011,0.000012,159,"135,836"
872,"Nov 08, 2015",0.000012,0.000016,0.000012,0.000015,124,"109,563"
873,"Nov 07, 2015",0.000012,0.000016,0.000012,0.000012,159,"108,566"
874,"Nov 06, 2015",0.000015,0.000016,0.000011,0.000015,211,"142,376"
875,"Nov 05, 2015",0.000014,0.000017,0.000012,0.000015,154,"129,297"
876,"Nov 04, 2015",0.000016,0.000021,0.000013,0.000014,"1,350","148,666"
877,"Nov 03, 2015",0.000014,0.000020,0.000014,0.000016,770,"133,084"
878,"Nov 02, 2015",0.000016,0.000017,0.000013,0.000014,902,"145,350"
879,"Nov 01, 2015",0.000013,0.000016,0.000013,0.000016,29,"115,924"
880,"Oct 31, 2015",0.000016,0.000016,0.000012,0.000013,560,"149,651"
881,"Oct 30, 2015",0.000012,0.000016,0.000012,0.000016,229,"113,785"
882,"Oct 29, 2015",0.000016,0.000017,0.000012,0.000012,50,"150,350"
883,"Oct 28, 2015",0.000014,0.000017,0.000013,0.000016,49,"127,990"
884,"Oct 27, 2015",0.000011,0.000015,0.000011,0.000014,454,"104,962"
885,"Oct 26, 2015",0.000014,0.000014,0.000011,0.000011,169,"128,455"
886,"Oct 25, 2015",0.000014,0.000015,0.000013,0.000014,271,"129,306"
887,"Oct 24, 2015",0.000014,0.000015,0.000011,0.000014,331,"126,714"
888,"Oct 23, 2015",0.000015,0.000025,0.000011,0.000014,"2,139","140,805"
889,"Oct 22, 2015",0.000013,0.000015,0.000012,0.000015,630,"116,156"
890,"Oct 21, 2015",0.000011,0.000015,0.000011,0.000013,"1,404","102,347"
891,"Oct 20, 2015",0.000014,0.000016,0.000011,0.000011,97,"126,128"
892,"Oct 19, 2015",0.000013,0.000016,0.000013,0.000014,317,"119,880"
893,"Oct 18, 2015",0.000014,0.000016,0.000012,0.000013,435,"124,356"
894,"Oct 17, 2015",0.000013,0.000016,0.000011,0.000014,968,"120,680"
895,"Oct 16, 2015",0.000013,0.000016,0.000013,0.000013,61,"118,130"
896,"Oct 15, 2015",0.000013,0.000015,0.000013,0.000013,152,"115,756"
897,"Oct 14, 2015",0.000013,0.000015,0.000012,0.000013,575,"116,434"
898,"Oct 13, 2015",0.000012,0.000015,0.000012,0.000012,53,"112,600"
899,"Oct 12, 2015",0.000014,0.000015,0.000012,0.000014,32,"130,892"
900,"Oct 11, 2015",0.000014,0.000015,0.000012,0.000014,22,"124,992"
901,"Oct 10, 2015",0.000012,0.000015,0.000012,0.000014,72,"111,894"
902,"Oct 09, 2015",0.000012,0.000015,0.000012,0.000012,89,"111,349"
903,"Oct 08, 2015",0.000012,0.000015,0.000012,0.000012,134,"111,384"
904,"Oct 07, 2015",0.000012,0.000015,0.000012,0.000012,914,"112,988"
905,"Oct 06, 2015",0.000015,0.000016,0.000012,0.000012,"4,027","133,192"
906,"Oct 05, 2015",0.000017,0.000017,0.000014,0.000015,126,"152,795"
907,"Oct 04, 2015",0.000017,0.000017,0.000014,0.000017,195,"151,549"
908,"Oct 03, 2015",0.000015,0.000016,0.000014,0.000016,227,"137,394"
909,"Oct 02, 2015",0.000017,0.000017,0.000014,0.000015,156,"152,253"
910,"Oct 01, 2015",0.000014,0.000017,0.000014,0.000017,"1,391","129,708"
911,"Sep 30, 2015",0.000016,0.000017,0.000014,0.000014,49,"142,246"
912,"Sep 29, 2015",0.000017,0.000017,0.000014,0.000016,67,"152,647"
913,"Sep 28, 2015",0.000014,0.000017,0.000014,0.000017,52,"131,230"
914,"Sep 27, 2015",0.000016,0.000016,0.000014,0.000014,208,"144,746"
915,"Sep 26, 2015",0.000016,0.000019,0.000014,0.000016,"1,553","150,589"
916,"Sep 25, 2015",0.000014,0.000017,0.000014,0.000016,"1,507","128,749"
917,"Sep 24, 2015",0.000014,0.000016,0.000014,0.000014,"1,214","126,382"
918,"Sep 23, 2015",0.000015,0.000016,0.000014,0.000014,882,"135,936"
919,"Sep 22, 2015",0.000014,0.000016,0.000014,0.000015,531,"125,094"
920,"Sep 21, 2015",0.000016,0.000016,0.000014,0.000014,78,"142,458"
921,"Sep 20, 2015",0.000014,0.000016,0.000014,0.000016,115,"129,353"
922,"Sep 19, 2015",0.000014,0.000014,0.000014,0.000014,150,"128,188"
923,"Sep 18, 2015",0.000014,0.000016,0.000014,0.000014,416,"126,307"
924,"Sep 17, 2015",0.000015,0.000016,0.000014,0.000014,59,"136,253"
925,"Sep 16, 2015",0.000014,0.000016,0.000012,0.000015,"1,708","126,828"
926,"Sep 15, 2015",0.000015,0.000016,0.000012,0.000014,167,"134,535"
927,"Sep 14, 2015",0.000016,0.000016,0.000014,0.000015,457,"144,432"
928,"Sep 13, 2015",0.000014,0.000016,0.000014,0.000016,99,"128,910"
929,"Sep 12, 2015",0.000016,0.000016,0.000014,0.000015,687,"149,274"
930,"Sep 11, 2015",0.000017,0.000017,0.000014,0.000016,88,"152,368"
931,"Sep 10, 2015",0.000014,0.000017,0.000012,0.000017,"1,298","130,503"
932,"Sep 09, 2015",0.000012,0.000016,0.000012,0.000014,905,"112,081"
933,"Sep 08, 2015",0.000014,0.000015,0.000012,0.000012,657,"131,333"
934,"Sep 07, 2015",0.000017,0.000017,0.000014,0.000014,152,"151,907"
935,"Sep 06, 2015",0.000014,0.000017,0.000012,0.000017,425,"126,137"
936,"Sep 05, 2015",0.000016,0.000016,0.000012,0.000014,383,"144,234"
937,"Sep 04, 2015",0.000014,0.000016,0.000014,0.000016,525,"124,843"
938,"Sep 03, 2015",0.000014,0.000016,0.000012,0.000014,156,"125,294"
939,"Sep 02, 2015",0.000014,0.000016,0.000012,0.000014,460,"126,147"
940,"Sep 01, 2015",0.000014,0.000016,0.000014,0.000014,228,"125,776"
941,"Aug 31, 2015",0.000016,0.000016,0.000014,0.000014,"2,499","145,902"
942,"Aug 30, 2015",0.000014,0.000016,0.000014,0.000016,"1,213","125,707"
943,"Aug 29, 2015",0.000014,0.000016,0.000014,0.000014,434,"128,617"
944,"Aug 28, 2015",0.000016,0.000016,0.000013,0.000014,420,"141,679"
945,"Aug 27, 2015",0.000015,0.000016,0.000013,0.000016,"1,074","140,022"
946,"Aug 26, 2015",0.000013,0.000016,0.000011,0.000015,532,"120,858"
947,"Aug 25, 2015",0.000011,0.000013,0.000010,0.000013,"1,487","98,040"
948,"Aug 24, 2015",0.000014,0.000015,0.000011,0.000011,616,"124,223"
949,"Aug 23, 2015",0.000014,0.000014,0.000012,0.000014,206,"123,047"
950,"Aug 22, 2015",0.000013,0.000014,0.000012,0.000014,231,"116,537"
951,"Aug 21, 2015",0.000014,0.000015,0.000012,0.000013,"2,158","122,715"
952,"Aug 20, 2015",0.000015,0.000016,0.000010,0.000014,"2,321","137,712"
953,"Aug 19, 2015",0.000011,0.000016,0.000011,0.000015,183,"96,016"
954,"Aug 18, 2015",0.000017,0.000018,0.000011,0.000011,"1,565","157,104"
955,"Aug 17, 2015",0.000016,0.000018,0.000016,0.000017,184,"141,766"
956,"Aug 16, 2015",0.000016,0.000018,0.000016,0.000016,362,"143,457"
957,"Aug 15, 2015",0.000018,0.000019,0.000016,0.000016,623,"165,270"
958,"Aug 14, 2015",0.000018,0.000021,0.000015,0.000018,"4,606","165,795"
959,"Aug 13, 2015",0.000019,0.000021,0.000018,0.000018,"1,235","168,273"
960,"Aug 12, 2015",0.000019,0.000021,0.000019,0.000019,122,"172,408"
961,"Aug 11, 2015",0.000019,0.000022,0.000019,0.000019,813,"169,116"
962,"Aug 10, 2015",0.000020,0.000021,0.000018,0.000019,861,"180,613"
963,"Aug 09, 2015",0.000021,0.000022,0.000018,0.000020,902,"187,151"
964,"Aug 08, 2015",0.000023,0.000025,0.000020,0.000021,501,"207,474"
965,"Aug 07, 2015",0.000021,0.000025,0.000020,0.000023,"3,296","187,505"
966,"Aug 06, 2015",0.000023,0.000024,0.000019,0.000022,"2,163","201,815"
967,"Aug 05, 2015",0.000020,0.000023,0.000018,0.000023,"2,844","178,900"
968,"Aug 04, 2015",0.000029,0.000036,0.000020,0.000020,"3,504","261,545"
969,"Aug 03, 2015",0.000020,0.000033,0.000018,0.000031,"3,950","177,168"
970,"Aug 02, 2015",0.000020,0.000021,0.000018,0.000020,558,"175,951"
971,"Aug 01, 2015",0.000021,0.000023,0.000017,0.000020,291,"186,271"
972,"Jul 31, 2015",0.000018,0.000023,0.000017,0.000021,"2,364","156,092"
973,"Jul 30, 2015",0.000017,0.000020,0.000017,0.000018,"1,144","154,675"
974,"Jul 29, 2015",0.000021,0.000021,0.000017,0.000017,567,"183,118"
975,"Jul 28, 2015",0.000018,0.000021,0.000018,0.000021,"1,357","158,587"
976,"Jul 27, 2015",0.000018,0.000021,0.000017,0.000018,386,"159,412"
977,"Jul 26, 2015",0.000018,0.000020,0.000017,0.000018,210,"158,106"
978,"Jul 25, 2015",0.000020,0.000023,0.000018,0.000018,602,"178,490"
979,"Jul 24, 2015",0.000017,0.000022,0.000017,0.000020,"1,232","146,521"
980,"Jul 23, 2015",0.000017,0.000022,0.000017,0.000017,496,"146,807"
981,"Jul 22, 2015",0.000019,0.000022,0.000017,0.000017,"1,257","170,209"
982,"Jul 21, 2015",0.000020,0.000022,0.000018,0.000019,"1,825","171,851"
983,"Jul 20, 2015",0.000019,0.000021,0.000017,0.000019,728,"168,268"
984,"Jul 19, 2015",0.000019,0.000020,0.000017,0.000019,571,"168,793"
985,"Jul 18, 2015",0.000022,0.000022,0.000016,0.000019,"1,143","194,129"
986,"Jul 17, 2015",0.000022,0.000024,0.000019,0.000022,"1,661","188,919"
987,"Jul 16, 2015",0.000020,0.000023,0.000019,0.000022,852,"176,168"
988,"Jul 15, 2015",0.000023,0.000023,0.000020,0.000020,382,"201,665"
989,"Jul 14, 2015",0.000019,0.000023,0.000019,0.000023,699,"164,349"
990,"Jul 13, 2015",0.000025,0.000025,0.000017,0.000019,452,"217,072"
991,"Jul 12, 2015",0.000023,0.000025,0.000021,0.000025,"1,810","204,024"
992,"Jul 11, 2015",0.000021,0.000024,0.000018,0.000023,"2,070","178,863"
993,"Jul 10, 2015",0.000019,0.000023,0.000019,0.000021,"1,743","163,511"
994,"Jul 09, 2015",0.000016,0.000022,0.000016,0.000019,"1,576","141,386"
995,"Jul 08, 2015",0.000021,0.000022,0.000016,0.000016,"1,559","184,821"
996,"Jul 07, 2015",0.000019,0.000024,0.000019,0.000021,"7,882","163,166"
997,"Jul 06, 2015",0.000016,0.000019,0.000014,0.000019,"7,541","141,395"
998,"Jul 05, 2015",0.000016,0.000019,0.000014,0.000016,"2,315","136,823"
999,"Jul 04, 2015",0.000013,0.000018,0.000013,0.000016,"5,479","110,672"
1000,"Jul 03, 2015",0.000013,0.000015,0.000010,0.000013,"3,125","110,169"
1001,"Jul 02, 2015",0.000013,0.000013,0.000010,0.000011,259,"111,451"
1002,"Jul 01, 2015",0.000013,0.000016,0.000011,0.000011,206,"113,798"
1003,"Jun 30, 2015",0.000013,0.000016,0.000011,0.000013,661,"110,841"
1004,"Jun 29, 2015",0.000012,0.000015,0.000012,0.000015,"1,655","106,876"
1005,"Jun 28, 2015",0.000013,0.000014,0.000012,0.000012,229,"107,874"
1006,"Jun 27, 2015",0.000014,0.000014,0.000012,0.000013,166,"119,652"
1007,"Jun 26, 2015",0.000012,0.000014,0.000012,0.000014,180,"103,976"
1008,"Jun 25, 2015",0.000012,0.000014,0.000012,0.000012,163,"104,903"
1009,"Jun 24, 2015",0.000013,0.000015,0.000012,0.000012,157,"108,367"
1010,"Jun 23, 2015",0.000012,0.000015,0.000012,0.000013,201,"105,468"
1011,"Jun 22, 2015",0.000012,0.000015,0.000010,0.000012,749,"104,140"
1012,"Jun 21, 2015",0.000012,0.000015,0.000012,0.000012,697,"104,541"
1013,"Jun 20, 2015",0.000014,0.000015,0.000012,0.000012,371,"122,736"
1014,"Jun 19, 2015",0.000012,0.000015,0.000012,0.000014,460,"105,941"
1015,"Jun 18, 2015",0.000012,0.000015,0.000012,0.000012,560,"105,905"
1016,"Jun 17, 2015",0.000013,0.000015,0.000012,0.000012,"1,179","106,404"
1017,"Jun 16, 2015",0.000012,0.000015,0.000012,0.000013,"1,243","100,789"
1018,"Jun 15, 2015",0.000012,0.000014,0.000011,0.000012,400,"99,071"
1019,"Jun 14, 2015",0.000012,0.000014,0.000012,0.000012,839,"101,519"
1020,"Jun 13, 2015",0.000014,0.000014,0.000012,0.000012,180,"115,715"
1021,"Jun 12, 2015",0.000011,0.000014,0.000011,0.000014,106,"97,010"
1022,"Jun 11, 2015",0.000012,0.000014,0.000011,0.000011,719,"99,459"
1023,"Jun 10, 2015",0.000012,0.000014,0.000011,0.000012,912,"100,037"
1024,"Jun 09, 2015",0.000011,0.000014,0.000011,0.000012,232,"96,293"
1025,"Jun 08, 2015",0.000012,0.000014,0.000011,0.000013,127,"100,022"
1026,"Jun 07, 2015",0.000013,0.000014,0.000011,0.000012,463,"105,989"
1027,"Jun 06, 2015",0.000013,0.000014,0.000011,0.000012,382,"113,512"
1028,"Jun 05, 2015",0.000009,0.000014,0.000009,0.000013,"1,106","79,643"
1029,"Jun 04, 2015",0.000009,0.000013,0.000009,0.000009,"1,268","79,145"
1030,"Jun 03, 2015",0.000010,0.000011,0.000009,0.000009,332,"80,518"
1031,"Jun 02, 2015",0.000010,0.000011,0.000009,0.000010,275,"87,377"
1032,"Jun 01, 2015",0.000010,0.000012,0.000009,0.000010,96,"81,288"
1033,"May 31, 2015",0.000012,0.000014,0.000009,0.000010,408,"98,381"
1034,"May 30, 2015",0.000014,0.000014,0.000012,0.000012,"1,627","115,018"
1035,"May 29, 2015",0.000014,0.000014,0.000012,0.000014,559,"119,197"
1036,"May 28, 2015",0.000012,0.000014,0.000010,0.000014,"2,901","99,288"
1037,"May 27, 2015",0.000012,0.000012,0.000009,0.000012,917,"97,910"
1038,"May 26, 2015",0.000012,0.000012,0.000007,0.000012,684,"99,006"
1039,"May 25, 2015",0.000010,0.000012,0.000007,0.000012,"1,303","80,583"
1040,"May 24, 2015",0.000011,0.000012,0.000010,0.000010,"1,624","88,374"
1041,"May 23, 2015",0.000012,0.000012,0.000010,0.000011,108,"100,134"
1042,"May 22, 2015",0.000012,0.000012,0.000009,0.000012,"1,351","98,207"
1043,"May 21, 2015",0.000009,0.000012,0.000009,0.000012,205,"79,184"
1044,"May 20, 2015",0.000009,0.000012,0.000009,0.000009,245,"77,377"
1045,"May 19, 2015",0.000014,0.000014,0.000009,0.000009,"2,711","114,669"
1046,"May 18, 2015",0.000012,0.000014,0.000009,0.000014,"1,840","97,936"
1047,"May 17, 2015",0.000012,0.000014,0.000012,0.000014,172,"98,046"
1048,"May 16, 2015",0.000012,0.000014,0.000012,0.000012,392,"98,575"
1049,"May 15, 2015",0.000014,0.000014,0.000012,0.000012,110,"114,650"
1050,"May 14, 2015",0.000012,0.000014,0.000010,0.000014,"1,101","97,726"
1051,"May 13, 2015",0.000012,0.000015,0.000009,0.000012,"1,276","99,935"
1052,"May 12, 2015",0.000012,0.000014,0.000012,0.000012,"1,244","100,451"
1053,"May 11, 2015",0.000012,0.000015,0.000012,0.000012,"1,978","99,354"
1054,"May 10, 2015",0.000012,0.000014,0.000012,0.000012,"1,019","99,886"
1055,"May 09, 2015",0.000012,0.000015,0.000012,0.000012,248,"100,551"
1056,"May 08, 2015",0.000012,0.000015,0.000012,0.000012,270,"97,714"
1057,"May 07, 2015",0.000013,0.000014,0.000011,0.000012,612,"105,179"
1058,"May 06, 2015",0.000012,0.000014,0.000011,0.000013,534,"100,246"
1059,"May 05, 2015",0.000014,0.000017,0.000012,0.000012,215,"117,278"
1060,"May 04, 2015",0.000014,0.000017,0.000014,0.000014,298,"116,768"
1061,"May 03, 2015",0.000015,0.000015,0.000012,0.000014,376,"122,618"
1062,"May 02, 2015",0.000014,0.000016,0.000014,0.000015,463,"113,667"
1063,"May 01, 2015",0.000014,0.000014,0.000012,0.000014,803,"115,286"
1064,"Apr 30, 2015",0.000014,0.000016,0.000013,0.000014,536,"110,185"
1065,"Apr 29, 2015",0.000014,0.000016,0.000013,0.000014,370,"109,965"
1066,"Apr 28, 2015",0.000014,0.000016,0.000013,0.000014,661,"113,072"
1067,"Apr 27, 2015",0.000013,0.000016,0.000011,0.000014,"3,740","106,328"
1068,"Apr 26, 2015",0.000018,0.000018,0.000013,0.000013,585,"142,928"
1069,"Apr 25, 2015",0.000014,0.000018,0.000014,0.000018,627,"111,518"
1070,"Apr 24, 2015",0.000015,0.000016,0.000014,0.000014,614,"118,569"
1071,"Apr 23, 2015",0.000017,0.000019,0.000014,0.000015,"1,270","138,852"
1072,"Apr 22, 2015",0.000016,0.000023,0.000016,0.000017,"7,655","131,091"
1073,"Apr 21, 2015",0.000014,0.000018,0.000014,0.000016,"2,463","110,572"
1074,"Apr 20, 2015",0.000011,0.000018,0.000011,0.000014,"2,049","88,461"
1075,"Apr 19, 2015",0.000011,0.000016,0.000011,0.000011,357,"88,587"
1076,"Apr 18, 2015",0.000013,0.000013,0.000011,0.000011,"1,304","102,977"
1077,"Apr 17, 2015",0.000012,0.000014,0.000009,0.000013,"1,066","91,293"
1078,"Apr 16, 2015",0.000011,0.000012,0.000009,0.000012,339,"83,385"
1079,"Apr 15, 2015",0.000011,0.000013,0.000010,0.000011,98,"83,474"
1080,"Apr 14, 2015",0.000011,0.000013,0.000009,0.000011,452,"87,903"
1081,"Apr 13, 2015",0.000012,0.000013,0.000011,0.000011,169,"92,771"
1082,"Apr 12, 2015",0.000012,0.000014,0.000012,0.000012,837,"92,814"
1083,"Apr 11, 2015",0.000014,0.000014,0.000012,0.000012,713,"109,635"
1084,"Apr 10, 2015",0.000012,0.000014,0.000011,0.000014,"1,231","93,426"
1085,"Apr 09, 2015",0.000012,0.000014,0.000010,0.000012,551,"95,533"
1086,"Apr 08, 2015",0.000012,0.000013,0.000010,0.000012,301,"95,720"
1087,"Apr 07, 2015",0.000013,0.000015,0.000010,0.000012,"2,473","98,358"
1088,"Apr 06, 2015",0.000013,0.000015,0.000012,0.000013,259,"100,294"
1089,"Apr 05, 2015",0.000013,0.000015,0.000012,0.000013,"1,599","99,405"
1090,"Apr 04, 2015",0.000013,0.000015,0.000013,0.000013,268,"98,803"
1091,"Apr 03, 2015",0.000013,0.000014,0.000013,0.000013,689,"98,191"
1092,"Apr 02, 2015",0.000012,0.000014,0.000012,0.000013,324,"95,828"
1093,"Apr 01, 2015",0.000012,0.000015,0.000012,0.000012,447,"94,782"
1094,"Mar 31, 2015",0.000012,0.000015,0.000012,0.000012,"1,371","95,532"
1095,"Mar 30, 2015",0.000012,0.000015,0.000012,0.000012,764,"93,622"
1096,"Mar 29, 2015",0.000014,0.000015,0.000012,0.000012,931,"107,262"
1097,"Mar 28, 2015",0.000012,0.000021,0.000012,0.000014,"1,027","92,606"
1098,"Mar 27, 2015",0.000012,0.000015,0.000012,0.000012,395,"95,249"
1099,"Mar 26, 2015",0.000012,0.000015,0.000010,0.000012,"3,128","93,333"
1100,"Mar 25, 2015",0.000008,0.000012,0.000007,0.000012,"1,421","59,549"
1101,"Mar 24, 2015",0.000011,0.000013,0.000008,0.000008,"1,584","81,332"
1102,"Mar 23, 2015",0.000011,0.000013,0.000010,0.000011,820,"81,112"
1103,"Mar 22, 2015",0.000010,0.000013,0.000010,0.000011,"1,980","79,679"
1104,"Mar 21, 2015",0.000011,0.000013,0.000010,0.000010,413,"80,056"
1105,"Mar 20, 2015",0.000011,0.000013,0.000010,0.000011,297,"82,478"
1106,"Mar 19, 2015",0.000013,0.000013,0.000010,0.000011,590,"95,574"
1107,"Mar 18, 2015",0.000014,0.000016,0.000010,0.000013,"2,048","107,389"
1108,"Mar 17, 2015",0.000013,0.000017,0.000012,0.000014,"1,221","95,147"
1109,"Mar 16, 2015",0.000016,0.000016,0.000012,0.000013,477,"119,581"
1110,"Mar 15, 2015",0.000012,0.000016,0.000012,0.000016,551,"86,652"
1111,"Mar 14, 2015",0.000014,0.000018,0.000012,0.000012,375,"107,841"
1112,"Mar 13, 2015",0.000015,0.000017,0.000014,0.000014,657,"108,743"
1113,"Mar 12, 2015",0.000014,0.000017,0.000010,0.000015,"1,545","107,189"
1114,"Mar 11, 2015",0.000014,0.000017,0.000012,0.000014,355,"106,143"
1115,"Mar 10, 2015",0.000014,0.000018,0.000012,0.000014,945,"107,754"
1116,"Mar 09, 2015",0.000013,0.000017,0.000011,0.000014,"2,855","97,923"
1117,"Mar 08, 2015",0.000014,0.000016,0.000011,0.000013,"1,520","102,358"
1118,"Mar 07, 2015",0.000015,0.000016,0.000012,0.000014,595,"111,944"
1119,"Mar 06, 2015",0.000011,0.000016,0.000011,0.000015,"1,254","81,818"
1120,"Mar 05, 2015",0.000014,0.000016,0.000011,0.000011,866,"101,548"
1121,"Mar 04, 2015",0.000014,0.000017,0.000011,0.000014,"7,940","103,518"
1122,"Mar 03, 2015",0.000018,0.000019,0.000014,0.000017,"4,413","130,273"
1123,"Mar 02, 2015",0.000016,0.000021,0.000015,0.000018,"1,614","116,615"
1124,"Mar 01, 2015",0.000020,0.000023,0.000016,0.000016,"3,149","148,273"
1125,"Feb 28, 2015",0.000018,0.000023,0.000018,0.000020,"1,914","129,498"
1126,"Feb 27, 2015",0.000017,0.000021,0.000017,0.000018,"2,377","126,347"
1127,"Feb 26, 2015",0.000019,0.000021,0.000017,0.000018,"1,127","135,231"
1128,"Feb 25, 2015",0.000021,0.000024,0.000017,0.000019,"3,734","154,444"
1129,"Feb 24, 2015",0.000017,0.000021,0.000014,0.000021,"10,937","120,703"
1130,"Feb 23, 2015",0.000017,0.000019,0.000014,0.000017,"4,476","121,848"
1131,"Feb 22, 2015",0.000021,0.000025,0.000015,0.000017,"12,178","153,924"
1132,"Feb 21, 2015",0.000027,0.000029,0.000021,0.000021,"8,971","176,116"
1133,"Feb 20, 2015",0.000034,0.000034,0.000022,0.000027,"47,352","219,448"
1134,"Feb 19, 2015",0.000005,0.000044,0.000005,0.000034,"94,939","30,944"
1135,"Feb 18, 2015",0.000005,0.000005,0.000005,0.000005,78,"31,889"
1136,"Feb 17, 2015",0.000005,0.000005,0.000005,0.000005,51,"30,222"
1137,"Feb 16, 2015",0.000005,0.000005,0.000005,0.000005,121,"30,766"
1138,"Feb 15, 2015",0.000005,0.000016,0.000005,0.000005,202,"33,691"
1139,"Feb 14, 2015",0.000005,0.000005,0.000005,0.000005,264,"30,819"
1140,"Feb 13, 2015",0.000005,0.000007,0.000005,0.000005,97,"32,004"
1141,"Feb 12, 2015",0.000004,0.000005,0.000004,0.000005,113,"28,499"
1142,"Feb 11, 2015",0.000004,0.000006,0.000004,0.000004,88,"28,685"
1143,"Feb 10, 2015",0.000004,0.000004,0.000002,0.000004,460,"24,715"
1144,"Feb 09, 2015",0.000004,0.000005,0.000003,0.000004,233,"28,670"
1145,"Feb 08, 2015",0.000002,0.000006,0.000002,0.000004,164,"14,915"
1146,"Feb 07, 2015",0.000003,0.000004,0.000002,0.000002,232,"17,315"
1147,"Feb 06, 2015",0.000003,0.000003,0.000002,0.000003,77,"18,567"
1148,"Feb 05, 2015",0.000002,0.000005,0.000002,0.000003,45,"15,181"
1149,"Feb 04, 2015",0.000004,0.000005,0.000002,0.000002,188,"25,188"
1150,"Feb 03, 2015",0.000003,0.000004,0.000002,0.000004,57,"18,208"
1151,"Feb 02, 2015",0.000004,0.000005,0.000002,0.000003,35,"24,994"
1152,"Feb 01, 2015",0.000004,0.000006,0.000004,0.000004,8,"29,343"
1153,"Jan 31, 2015",0.000004,0.000005,0.000003,0.000004,13,"28,240"
1154,"Jan 30, 2015",0.000005,0.000005,0.000004,0.000004,3,"29,758"
1155,"Jan 29, 2015",0.000005,0.000005,0.000003,0.000005,17,"30,775"
1156,"Jan 28, 2015",0.000006,0.000006,0.000004,0.000005,41,"36,460"
1157,"Jan 27, 2015",0.000006,0.000006,0.000003,0.000006,49,"40,866"
1158,"Jan 26, 2015",0.000005,0.000006,0.000003,0.000006,47,"33,149"
1159,"Jan 25, 2015",0.000004,0.000008,0.000004,0.000005,61,"28,198"
1160,"Jan 24, 2015",0.000004,0.000006,0.000004,0.000004,27,"28,820"
1161,"Jan 23, 2015",0.000004,0.000005,0.000004,0.000004,17,"28,402"
1162,"Jan 22, 2015",0.000005,0.000005,0.000004,0.000004,8,"30,624"
1163,"Jan 21, 2015",0.000004,0.000006,0.000004,0.000005,75,"26,935"
1164,"Jan 20, 2015",0.000006,0.000006,0.000004,0.000004,120,"36,014"
1165,"Jan 19, 2015",0.000007,0.000007,0.000004,0.000006,12,"43,497"
1166,"Jan 18, 2015",0.000006,0.000007,0.000005,0.000007,19,"39,487"
1167,"Jan 17, 2015",0.000005,0.000006,0.000004,0.000006,47,"33,038"
1168,"Jan 16, 2015",0.000006,0.000007,0.000005,0.000005,69,"41,419"
1169,"Jan 15, 2015",0.000006,0.000009,0.000005,0.000007,35,"36,759"
1170,"Jan 14, 2015",0.000009,0.000009,0.000004,0.000006,151,"54,459"
1171,"Jan 13, 2015",0.000009,0.000012,0.000007,0.000009,487,"60,113"
1172,"Jan 12, 2015",0.000008,0.000013,0.000008,0.000010,"1,134","51,058"
1173,"Jan 11, 2015",0.000005,0.000008,0.000005,0.000008,496,"34,398"
1174,"Jan 10, 2015",0.000006,0.000008,0.000005,0.000005,114,"35,376"
1175,"Jan 09, 2015",0.000005,0.000008,0.000005,0.000006,507,"33,330"
1176,"Jan 08, 2015",0.000003,0.000006,0.000002,0.000005,230,"20,564"
1177,"Jan 07, 2015",0.000003,0.000003,0.000003,0.000003,8,"17,776"
1178,"Jan 06, 2015",0.000002,0.000006,0.000002,0.000003,324,"14,739"
1179,"Jan 05, 2015",0.000003,0.000003,0.000002,0.000002,5,"16,903"
1180,"Jan 04, 2015",0.000003,0.000003,0.000003,0.000003,6,"17,322"
1181,"Jan 03, 2015",0.000003,0.000003,0.000003,0.000003,40,"20,018"
1182,"Jan 02, 2015",0.000004,0.000004,0.000003,0.000003,23,"22,051"
1183,"Jan 01, 2015",0.000003,0.000004,0.000003,0.000004,4,"19,336"
1184,"Dec 31, 2014",0.000003,0.000004,0.000003,0.000003,196,"18,670"
1185,"Dec 30, 2014",0.000003,0.000003,0.000003,0.000003,43,"18,725"
1186,"Dec 29, 2014",0.000005,0.000006,0.000003,0.000003,96,"32,530"
1187,"Dec 28, 2014",0.000003,0.000005,0.000003,0.000005,19,"18,687"
1188,"Dec 27, 2014",0.000004,0.000005,0.000003,0.000003,116,"22,585"
1189,"Dec 26, 2014",0.000006,0.000006,0.000003,0.000004,51,"37,267"
1190,"Dec 25, 2014",0.000003,0.000006,0.000003,0.000006,51,"18,536"
1191,"Dec 24, 2014",0.000003,0.000003,0.000003,0.000003,19,"19,189"
1192,"Dec 23, 2014",0.000003,0.000003,0.000003,0.000003,35,"19,006"
1193,"Dec 22, 2014",0.000003,0.000003,0.000003,0.000003,45,"18,695"
1194,"Dec 21, 2014",0.000003,0.000003,0.000003,0.000003,7,"18,425"
1195,"Dec 20, 2014",0.000003,0.000006,0.000003,0.000003,62,"18,017"
1196,"Dec 19, 2014",0.000003,0.000003,0.000003,0.000003,197,"17,720"
1197,"Dec 18, 2014",0.000003,0.000003,0.000003,0.000003,12,"15,878"
1198,"Dec 17, 2014",0.000003,0.000003,0.000002,0.000003,80,"11,243"
1199,"Dec 16, 2014",0.000006,0.000006,0.000003,0.000003,268,"21,813"
1200,"Dec 15, 2014",0.000004,0.000006,0.000003,0.000006,114,"13,288"
1201,"Dec 14, 2014",0.000004,0.000004,0.000004,0.000004,408,"13,585"
1202,"Dec 13, 2014",0.000004,0.000004,0.000003,0.000004,119,"13,093"
1203,"Dec 12, 2014",0.000004,0.000004,0.000004,0.000004,208,"13,203"
1204,"Dec 11, 2014",0.000006,0.000006,0.000004,0.000004,63,"22,219"
1205,"Dec 10, 2014",0.000005,0.000006,0.000004,0.000006,86,"19,998"
1206,"Dec 09, 2014",0.000004,0.000007,0.000004,0.000005,39,"13,649"
1207,"Dec 08, 2014",0.000006,0.000007,0.000004,0.000004,54,"21,186"
1208,"Dec 07, 2014",0.000004,0.000007,0.000004,0.000007,98,"13,909"
1209,"Dec 06, 2014",0.000005,0.000006,0.000004,0.000004,48,"16,933"
1210,"Dec 05, 2014",0.000005,0.000007,0.000004,0.000005,22,"17,331"
1211,"Dec 04, 2014",0.000005,0.000006,0.000004,0.000005,377,"17,764"
1212,"Dec 03, 2014",0.000004,0.000006,0.000004,0.000005,46,"16,538"
1213,"Dec 02, 2014",0.000006,0.000006,0.000004,0.000004,131,"20,423"
1214,"Dec 01, 2014",0.000004,0.000006,0.000004,0.000006,119,"14,043"
1215,"Nov 30, 2014",0.000004,0.000004,0.000004,0.000004,59,"13,562"
1216,"Nov 29, 2014",0.000004,0.000006,0.000004,0.000004,75,"13,954"
1217,"Nov 28, 2014",0.000004,0.000004,0.000004,0.000004,9,"13,703"
1218,"Nov 27, 2014",0.000003,0.000004,0.000003,0.000004,134,"10,050"
1219,"Nov 26, 2014",0.000003,0.000004,0.000003,0.000003,16,"10,796"
1220,"Nov 25, 2014",0.000004,0.000004,0.000003,0.000003,22,"13,889"
1221,"Nov 24, 2014",0.000004,0.000004,0.000004,0.000004,143,"13,125"
1222,"Nov 23, 2014",0.000004,0.000005,0.000004,0.000004,66,"13,396"
1223,"Nov 22, 2014",0.000004,0.000004,0.000004,0.000004,37,"13,210"
1224,"Nov 21, 2014",0.000004,0.000004,0.000003,0.000004,87,"13,303"
1225,"Nov 20, 2014",0.000004,0.000008,0.000004,0.000004,366,"14,183"
1226,"Nov 19, 2014",0.000004,0.000007,0.000004,0.000004,492,"13,905"
1227,"Nov 18, 2014",0.000004,0.000004,0.000004,0.000004,174,"14,399"
1228,"Nov 17, 2014",0.000005,0.000008,0.000004,0.000004,235,"19,468"
1229,"Nov 16, 2014",0.000004,0.000006,0.000004,0.000005,160,"14,941"
1230,"Nov 15, 2014",0.000004,0.000004,0.000004,0.000004,171,"14,638"
1231,"Nov 14, 2014",0.000004,0.000004,0.000004,0.000004,101,"15,645"
1232,"Nov 13, 2014",0.000004,0.000005,0.000004,0.000004,214,"16,056"
1233,"Nov 12, 2014",0.000004,0.000004,0.000004,0.000004,102,"14,467"
1234,"Nov 11, 2014",0.000004,0.000004,0.000004,0.000004,134,"14,845"
1235,"Nov 10, 2014",0.000006,0.000006,0.000004,0.000004,147,"21,373"
1236,"Nov 09, 2014",0.000004,0.000006,0.000004,0.000006,538,"15,560"
1237,"Nov 08, 2014",0.000004,0.000007,0.000003,0.000004,"1,707","14,844"
1238,"Nov 07, 2014",0.000004,0.000007,0.000004,0.000004,101,"13,586"
1239,"Nov 06, 2014",0.000004,0.000007,0.000004,0.000004,203,"14,112"
1240,"Nov 05, 2014",0.000005,0.000007,0.000003,0.000004,"1,592","17,533"
1241,"Nov 04, 2014",0.000004,0.000007,0.000003,0.000005,551,"14,550"
1242,"Nov 03, 2014",0.000005,0.000007,0.000003,0.000004,286,"18,086"
1243,"Nov 02, 2014",0.000004,0.000006,0.000003,0.000005,295,"15,363"
1244,"Nov 01, 2014",0.000007,0.000007,0.000004,0.000004,269,"25,137"
1245,"Oct 31, 2014",0.000007,0.000007,0.000003,0.000007,"1,444","25,912"
1246,"Oct 30, 2014",0.000007,0.000011,0.000004,0.000007,"1,116","26,243"
1247,"Oct 29, 2014",0.000004,0.000011,0.000004,0.000007,"1,221","15,542"
1248,"Oct 28, 2014",0.000010,0.000011,0.000004,0.000004,"2,185","37,687"
1249,"Oct 27, 2014",0.000011,0.000017,0.000007,0.000010,"2,857","40,807"
1250,"Oct 26, 2014",0.000007,0.000013,0.000007,0.000011,"2,234","24,407"
1251,"Oct 25, 2014",0.000007,0.000010,0.000007,0.000007,707,"24,519"
